Name,Price,Week,Month,Year
Leeks 1kg,129.14,1,1,2017
Local Potatoes 1Kg,167.05,1,1,2017
Imported Potatoes 1Kg,119.31,1,1,2017
Carrot 1kg,139.71,1,1,2017
Tomatoe No1. 1kg,124.52,1,1,2017
Leeks 1kg,125.65,2,1,2017
Local Potatoes 1Kg,173.7,2,1,2017
Imported Potatoes 1Kg,119.2,2,1,2017
Carrot 1kg,132.41,2,1,2017
Tomatoe No1. 1kg,140.54,2,1,2017
Leeks 1kg,118.86,3,1,2017
Local Potatoes 1Kg,187.5,3,1,2017
Imported Potatoes 1Kg,118.51,3,1,2017
Carrot 1kg,130.26,3,1,2017
Tomatoe No1. 1kg,160.78,3,1,2017
Leeks 1kg,121.14,4,1,2017
Local Potatoes 1Kg,179.75,4,1,2017
Imported Potatoes 1Kg,112.9,4,1,2017
Carrot 1kg,128.0,4,1,2017
Tomatoe No1. 1kg,132.97,4,1,2017
Leeks 1kg,117.06,1,2,2017
Local Potatoes 1Kg,184.4,1,2,2017
Imported Potatoes 1Kg,108.09,1,2,2017
Carrot 1kg,125.56,1,2,2017
Tomatoe No1. 1kg,132.57,1,2,2017
Leeks 1kg,119.33,2,2,2017
Local Potatoes 1Kg,177.64,2,2,2017
Imported Potatoes 1Kg,110.31,2,2,2017
Carrot 1kg,131.2,2,2,2017
Tomatoe No1. 1kg,125.0,2,2,2017
Leeks 1kg,120.0,3,2,2017
Local Potatoes 1Kg,164.08,3,2,2017
Imported Potatoes 1Kg,105.5,3,2,2017
Carrot 1kg,132.8,3,2,2017
Tomatoe No1. 1kg,126.67,3,2,2017
Leeks 1kg,113.68,4,2,2017
Local Potatoes 1Kg,162.41,4,2,2017
Imported Potatoes 1Kg,111.03,4,2,2017
Carrot 1kg,129.3,4,2,2017
Tomatoe No1. 1kg,92.12,4,2,2017
Leeks 1kg,99.49,1,3,2017
Local Potatoes 1Kg,161.43,1,3,2017
Imported Potatoes 1Kg,111.07,1,3,2017
Carrot 1kg,130.94,1,3,2017
Tomatoe No1. 1kg,96.41,1,3,2017
Leeks 1kg,101.08,2,3,2017
Local Potatoes 1Kg,162.42,2,3,2017
Imported Potatoes 1Kg,109.83,2,3,2017
Carrot 1kg,130.56,2,3,2017
Tomatoe No1. 1kg,103.7,2,3,2017
Leeks 1kg,102.05,3,3,2017
Local Potatoes 1Kg,161.65,3,3,2017
Imported Potatoes 1Kg,109.81,3,3,2017
Carrot 1kg,129.41,3,3,2017
Tomatoe No1. 1kg,123.45,3,3,2017
Leeks 1kg,95.63,4,3,2017
Local Potatoes 1Kg,156.06,4,3,2017
Imported Potatoes 1Kg,106.0,4,3,2017
Carrot 1kg,136.26,4,3,2017
Tomatoe No1. 1kg,138.83,4,3,2017
Leeks 1kg,102.94,1,4,2017
Local Potatoes 1Kg,153.08,1,4,2017
Imported Potatoes 1Kg,108.86,1,4,2017
Carrot 1kg,137.22,1,4,2017
Tomatoe No1. 1kg,172.62,1,4,2017
Leeks 1kg,109.44,2,4,2017
Local Potatoes 1Kg,160.41,2,4,2017
Imported Potatoes 1Kg,115.86,2,4,2017
Carrot 1kg,138.46,2,4,2017
Tomatoe No1. 1kg,195.95,2,4,2017
Leeks 1kg,109.7,3,4,2017
Local Potatoes 1Kg,163.14,3,4,2017
Imported Potatoes 1Kg,116.33,3,4,2017
Carrot 1kg,146.11,3,4,2017
Tomatoe No1. 1kg,197.31,3,4,2017
Leeks 1kg,109.94,4,4,2017
Local Potatoes 1Kg,168.71,4,4,2017
Imported Potatoes 1Kg,117.2,4,4,2017
Carrot 1kg,215.63,4,4,2017
Tomatoe No1. 1kg,172.88,4,4,2017
Leeks 1kg,111.61,1,5,2017
Local Potatoes 1Kg,163.36,1,5,2017
Imported Potatoes 1Kg,115.77,1,5,2017
Carrot 1kg,225.26,1,5,2017
Tomatoe No1. 1kg,168.77,1,5,2017
Leeks 1kg,113.58,2,5,2017
Local Potatoes 1Kg,163.13,2,5,2017
Imported Potatoes 1Kg,116.92,2,5,2017
Carrot 1kg,281.84,2,5,2017
Tomatoe No1. 1kg,167.57,2,5,2017
Leeks 1kg,118.29,3,5,2017
Local Potatoes 1Kg,164.97,3,5,2017
Imported Potatoes 1Kg,116.67,3,5,2017
Carrot 1kg,300.0,3,5,2017
Tomatoe No1. 1kg,141.62,3,5,2017
Leeks 1kg,143.0,4,5,2017
Local Potatoes 1Kg,168.76,4,5,2017
Imported Potatoes 1Kg,126.15,4,5,2017
Carrot 1kg,308.48,4,5,2017
Tomatoe No1. 1kg,154.21,4,5,2017
Leeks 1kg,146.11,1,6,2017
Local Potatoes 1Kg,179.95,1,6,2017
Imported Potatoes 1Kg,125.76,1,6,2017
Carrot 1kg,291.35,1,6,2017
Tomatoe No1. 1kg,167.76,1,6,2017
Leeks 1kg,146.49,2,6,2017
Local Potatoes 1Kg,183.91,2,6,2017
Imported Potatoes 1Kg,125.6,2,6,2017
Carrot 1kg,294.59,2,6,2017
Tomatoe No1. 1kg,169.46,2,6,2017
Leeks 1kg,145.09,3,6,2017
Local Potatoes 1Kg,181.22,3,6,2017
Imported Potatoes 1Kg,123.79,3,6,2017
Carrot 1kg,305.13,3,6,2017
Tomatoe No1. 1kg,170.77,3,6,2017
Leeks 1kg,145.37,4,6,2017
Local Potatoes 1Kg,175.45,4,6,2017
Imported Potatoes 1Kg,121.48,4,6,2017
Carrot 1kg,293.53,4,6,2017
Tomatoe No1. 1kg,157.41,4,6,2017
Leeks 1kg,140.53,1,7,2017
Local Potatoes 1Kg,178.22,1,7,2017
Imported Potatoes 1Kg,116.32,1,7,2017
Carrot 1kg,230.29,1,7,2017
Tomatoe No1. 1kg,196.22,1,7,2017
Leeks 1kg,137.84,2,7,2017
Local Potatoes 1Kg,177.95,2,7,2017
Imported Potatoes 1Kg,115.0,2,7,2017
Carrot 1kg,229.06,2,7,2017
Tomatoe No1. 1kg,188.24,2,7,2017
Leeks 1kg,134.87,3,7,2017
Local Potatoes 1Kg,179.84,3,7,2017
Imported Potatoes 1Kg,114.38,3,7,2017
Carrot 1kg,228.89,3,7,2017
Tomatoe No1. 1kg,180.51,3,7,2017
Leeks 1kg,133.0,4,7,2017
Local Potatoes 1Kg,180.33,4,7,2017
Imported Potatoes 1Kg,116.85,4,7,2017
Carrot 1kg,230.77,4,7,2017
Tomatoe No1. 1kg,185.0,4,7,2017
Leeks 1kg,134.05,1,8,2017
Local Potatoes 1Kg,178.81,1,8,2017
Imported Potatoes 1Kg,115.26,1,8,2017
Carrot 1kg,204.21,1,8,2017
Tomatoe No1. 1kg,197.22,1,8,2017
Leeks 1kg,134.44,2,8,2017
Local Potatoes 1Kg,182.45,2,8,2017
Imported Potatoes 1Kg,116.67,2,8,2017
Carrot 1kg,196.92,2,8,2017
Tomatoe No1. 1kg,191.11,2,8,2017
Leeks 1kg,133.83,3,8,2017
Local Potatoes 1Kg,173.81,3,8,2017
Imported Potatoes 1Kg,119.64,3,8,2017
Carrot 1kg,172.31,3,8,2017
Tomatoe No1. 1kg,183.68,3,8,2017
Leeks 1kg,131.49,4,8,2017
Local Potatoes 1Kg,177.12,4,8,2017
Imported Potatoes 1Kg,114.0,4,8,2017
Carrot 1kg,159.68,4,8,2017
Tomatoe No1. 1kg,184.43,4,8,2017
Leeks 1kg,141.21,1,9,2017
Local Potatoes 1Kg,173.45,1,9,2017
Imported Potatoes 1Kg,118.8,1,9,2017
Carrot 1kg,144.12,1,9,2017
Tomatoe No1. 1kg,198.23,1,9,2017
Leeks 1kg,150.8,2,9,2017
Local Potatoes 1Kg,175.0,2,9,2017
Imported Potatoes 1Kg,123.33,2,9,2017
Carrot 1kg,143.5,2,9,2017
Tomatoe No1. 1kg,220.42,2,9,2017
Leeks 1kg,153.3,3,9,2017
Local Potatoes 1Kg,163.81,3,9,2017
Imported Potatoes 1Kg,119.23,3,9,2017
Carrot 1kg,146.5,3,9,2017
Tomatoe No1. 1kg,219.38,3,9,2017
Leeks 1kg,171.5,4,9,2017
Local Potatoes 1Kg,164.91,4,9,2017
Imported Potatoes 1Kg,118.93,4,9,2017
Carrot 1kg,173.46,4,9,2017
Tomatoe No1. 1kg,208.16,4,9,2017
Leeks 1kg,180.57,1,10,2017
Local Potatoes 1Kg,160.15,1,10,2017
Imported Potatoes 1Kg,119.14,1,10,2017
Carrot 1kg,169.5,1,10,2017
Tomatoe No1. 1kg,195.89,1,10,2017
Leeks 1kg,198.86,2,10,2017
Local Potatoes 1Kg,162.67,2,10,2017
Imported Potatoes 1Kg,120.21,2,10,2017
Carrot 1kg,178.44,2,10,2017
Tomatoe No1. 1kg,202.6,2,10,2017
Leeks 1kg,194.48,3,10,2017
Local Potatoes 1Kg,164.38,3,10,2017
Imported Potatoes 1Kg,122.62,3,10,2017
Carrot 1kg,186.34,3,10,2017
Tomatoe No1. 1kg,208.45,3,10,2017
Leeks 1kg,205.26,4,10,2017
Local Potatoes 1Kg,159.5,4,10,2017
Imported Potatoes 1Kg,120.96,4,10,2017
Carrot 1kg,202.05,4,10,2017
Tomatoe No1. 1kg,214.29,4,10,2017
Leeks 1kg,238.89,1,11,2017
Local Potatoes 1Kg,165.63,1,11,2017
Imported Potatoes 1Kg,117.92,1,11,2017
Carrot 1kg,216.1,1,11,2017
Tomatoe No1. 1kg,195.37,1,11,2017
Leeks 1kg,236.76,2,11,2017
Local Potatoes 1Kg,152.05,2,11,2017
Imported Potatoes 1Kg,109.08,2,11,2017
Carrot 1kg,221.46,2,11,2017
Tomatoe No1. 1kg,205.09,2,11,2017
Leeks 1kg,267.5,3,11,2017
Local Potatoes 1Kg,150.07,3,11,2017
Imported Potatoes 1Kg,88.33,3,11,2017
Carrot 1kg,242.67,3,11,2017
Tomatoe No1. 1kg,149.03,3,11,2017
Leeks 1kg,296.9,4,11,2017
Local Potatoes 1Kg,144.94,4,11,2017
Imported Potatoes 1Kg,84.17,4,11,2017
Carrot 1kg,252.22,4,11,2017
Tomatoe No1. 1kg,141.08,4,11,2017
Leeks 1kg,290.42,1,12,2017
Local Potatoes 1Kg,153.04,1,12,2017
Imported Potatoes 1Kg,91.25,1,12,2017
Carrot 1kg,239.23,1,12,2017
Tomatoe No1. 1kg,139.49,1,12,2017
Leeks 1kg,294.5,2,12,2017
Local Potatoes 1Kg,154.5,2,12,2017
Imported Potatoes 1Kg,99.82,2,12,2017
Carrot 1kg,232.45,2,12,2017
Tomatoe No1. 1kg,136.22,2,12,2017
Leeks 1kg,288.11,3,12,2017
Local Potatoes 1Kg,161.92,3,12,2017
Imported Potatoes 1Kg,100.17,3,12,2017
Carrot 1kg,198.67,3,12,2017
Tomatoe No1. 1kg,178.59,3,12,2017
Leeks 1kg,292.77,4,12,2017
Local Potatoes 1Kg,158.52,4,12,2017
Imported Potatoes 1Kg,95.33,4,12,2017
Carrot 1kg,198.41,4,12,2017
Tomatoe No1. 1kg,181.54,4,12,2017
Leeks 1kg,267.95,1,1,2018
Local Potatoes 1Kg,162.73,1,1,2018
Imported Potatoes 1Kg,100.56,1,1,2018
Carrot 1kg,206.57,1,1,2018
Tomatoe No1. 1kg,145.6,1,1,2018
Leeks 1kg,250.77,2,1,2018
Local Potatoes 1Kg,158.65,2,1,2018
Imported Potatoes 1Kg,92.78,2,1,2018
Carrot 1kg,184.5,2,1,2018
Tomatoe No1. 1kg,130.72,2,1,2018
Leeks 1kg,261.84,3,1,2018
Local Potatoes 1Kg,151.15,3,1,2018
Imported Potatoes 1Kg,82.31,3,1,2018
Carrot 1kg,160.24,3,1,2018
Tomatoe No1. 1kg,110.61,3,1,2018
Leeks 1kg,259.14,4,1,2018
Local Potatoes 1Kg,150.0,4,1,2018
Imported Potatoes 1Kg,79.63,4,1,2018
Carrot 1kg,159.16,4,1,2018
Tomatoe No1. 1kg,104.81,4,1,2018
Leeks 1kg,168.11,1,2,2018
Local Potatoes 1Kg,178.24,1,2,2018
Imported Potatoes 1Kg,90.32,1,2,2018
Carrot 1kg,173.95,1,2,2018
Tomatoe No1. 1kg,132.32,1,2,2018
Leeks 1kg,144.21,2,2,2018
Local Potatoes 1Kg,169.17,2,2,2018
Imported Potatoes 1Kg,100.56,2,2,2018
Carrot 1kg,151.28,2,2,2018
Tomatoe No1. 1kg,106.35,2,2,2018
Leeks 1kg,142.67,3,2,2018
Local Potatoes 1Kg,164.71,3,2,2018
Imported Potatoes 1Kg,98.61,3,2,2018
Carrot 1kg,151.81,3,2,2018
Tomatoe No1. 1kg,103.73,3,2,2018
Leeks 1kg,143.33,4,2,2018
Local Potatoes 1Kg,166.09,4,2,2018
Imported Potatoes 1Kg,98.9,4,2,2018
Carrot 1kg,153.11,4,2,2018
Tomatoe No1. 1kg,105.65,4,2,2018
Leeks 1kg,186.32,1,3,2018
Local Potatoes 1Kg,136.19,1,3,2018
Imported Potatoes 1Kg,85.89,1,3,2018
Carrot 1kg,144.11,1,3,2018
Tomatoe No1. 1kg,89.89,1,3,2018
Leeks 1kg,181.71,2,3,2018
Local Potatoes 1Kg,134.58,2,3,2018
Imported Potatoes 1Kg,83.33,2,3,2018
Carrot 1kg,149.14,2,3,2018
Tomatoe No1. 1kg,99.41,2,3,2018
Leeks 1kg,182.46,3,3,2018
Local Potatoes 1Kg,134.0,3,3,2018
Imported Potatoes 1Kg,84.19,3,3,2018
Carrot 1kg,135.67,3,3,2018
Tomatoe No1. 1kg,96.49,3,3,2018
Leeks 1kg,193.64,4,3,2018
Local Potatoes 1Kg,130.2,4,3,2018
Imported Potatoes 1Kg,87.96,4,3,2018
Carrot 1kg,148.57,4,3,2018
Tomatoe No1. 1kg,93.14,4,3,2018
Leeks 1kg,218.75,1,4,2018
Local Potatoes 1Kg,141.18,1,4,2018
Imported Potatoes 1Kg,95.2,1,4,2018
Carrot 1kg,142.78,1,4,2018
Tomatoe No1. 1kg,90.81,1,4,2018
Leeks 1kg,216.22,2,4,2018
Local Potatoes 1Kg,143.92,2,4,2018
Imported Potatoes 1Kg,91.88,2,4,2018
Carrot 1kg,143.41,2,4,2018
Tomatoe No1. 1kg,89.0,2,4,2018
Leeks 1kg,226.29,3,4,2018
Local Potatoes 1Kg,142.72,3,4,2018
Imported Potatoes 1Kg,89.8,3,4,2018
Carrot 1kg,153.79,3,4,2018
Tomatoe No1. 1kg,82.78,3,4,2018
Leeks 1kg,229.71,4,4,2018
Local Potatoes 1Kg,142.52,4,4,2018
Imported Potatoes 1Kg,89.38,4,4,2018
Carrot 1kg,161.78,4,4,2018
Tomatoe No1. 1kg,86.67,4,4,2018
Leeks 1kg,249.64,1,5,2018
Local Potatoes 1Kg,158.25,1,5,2018
Imported Potatoes 1Kg,101.38,1,5,2018
Carrot 1kg,177.2,1,5,2018
Tomatoe No1. 1kg,135.56,1,5,2018
Leeks 1kg,252.9,2,5,2018
Local Potatoes 1Kg,159.08,2,5,2018
Imported Potatoes 1Kg,101.67,2,5,2018
Carrot 1kg,176.78,2,5,2018
Tomatoe No1. 1kg,138.38,2,5,2018
Leeks 1kg,289.16,3,5,2018
Local Potatoes 1Kg,163.46,3,5,2018
Imported Potatoes 1Kg,111.48,3,5,2018
Carrot 1kg,265.76,3,5,2018
Tomatoe No1. 1kg,211.5,3,5,2018
Leeks 1kg,304.76,4,5,2018
Local Potatoes 1Kg,171.27,4,5,2018
Imported Potatoes 1Kg,109.66,4,5,2018
Carrot 1kg,293.71,4,5,2018
Tomatoe No1. 1kg,193.53,4,5,2018
Leeks 1kg,314.44,1,6,2018
Local Potatoes 1Kg,169.28,1,6,2018
Imported Potatoes 1Kg,108.39,1,6,2018
Carrot 1kg,293.53,1,6,2018
Tomatoe No1. 1kg,185.63,1,6,2018
Leeks 1kg,324.11,2,6,2018
Local Potatoes 1Kg,185.22,2,6,2018
Imported Potatoes 1Kg,116.43,2,6,2018
Carrot 1kg,318.89,2,6,2018
Tomatoe No1. 1kg,239.33,2,6,2018
Leeks 1kg,324.0,3,6,2018
Local Potatoes 1Kg,183.18,3,6,2018
Imported Potatoes 1Kg,116.54,3,6,2018
Carrot 1kg,320.0,3,6,2018
Tomatoe No1. 1kg,240.46,3,6,2018
Leeks 1kg,301.18,4,6,2018
Local Potatoes 1Kg,180.42,4,6,2018
Imported Potatoes 1Kg,130.62,4,6,2018
Carrot 1kg,348.24,4,6,2018
Tomatoe No1. 1kg,302.31,4,6,2018
Leeks 1kg,280.53,1,7,2018
Local Potatoes 1Kg,176.85,1,7,2018
Imported Potatoes 1Kg,129.34,1,7,2018
Carrot 1kg,280.65,1,7,2018
Tomatoe No1. 1kg,303.23,1,7,2018
Leeks 1kg,263.33,2,7,2018
Local Potatoes 1Kg,187.47,2,7,2018
Imported Potatoes 1Kg,116.79,2,7,2018
Carrot 1kg,291.95,2,7,2018
Tomatoe No1. 1kg,241.03,2,7,2018
Leeks 1kg,236.84,3,7,2018
Local Potatoes 1Kg,207.93,3,7,2018
Imported Potatoes 1Kg,115.15,3,7,2018
Carrot 1kg,292.97,3,7,2018
Tomatoe No1. 1kg,241.14,3,7,2018
Leeks 1kg,225.49,4,7,2018
Local Potatoes 1Kg,221.13,4,7,2018
Imported Potatoes 1Kg,108.71,4,7,2018
Carrot 1kg,301.82,4,7,2018
Tomatoe No1. 1kg,201.09,4,7,2018
Leeks 1kg,191.71,1,8,2018
Local Potatoes 1Kg,222.4,1,8,2018
Imported Potatoes 1Kg,111.72,1,8,2018
Carrot 1kg,297.78,1,8,2018
Tomatoe No1. 1kg,190.72,1,8,2018
Leeks 1kg,195.09,2,8,2018
Local Potatoes 1Kg,222.4,2,8,2018
Imported Potatoes 1Kg,109.86,2,8,2018
Carrot 1kg,294.05,2,8,2018
Tomatoe No1. 1kg,182.51,2,8,2018
Leeks 1kg,192.67,3,8,2018
Local Potatoes 1Kg,222.57,3,8,2018
Imported Potatoes 1Kg,109.05,3,8,2018
Carrot 1kg,289.47,3,8,2018
Tomatoe No1. 1kg,185.59,3,8,2018
Leeks 1kg,187.37,4,8,2018
Local Potatoes 1Kg,222.0,4,8,2018
Imported Potatoes 1Kg,107.24,4,8,2018
Carrot 1kg,291.79,4,8,2018
Tomatoe No1. 1kg,181.45,4,8,2018
Leeks 1kg,142.0,1,9,2018
Local Potatoes 1Kg,175.16,1,9,2018
Imported Potatoes 1Kg,112.62,1,9,2018
Carrot 1kg,300.8,1,9,2018
Tomatoe No1. 1kg,83.72,1,9,2018
Leeks 1kg,141.05,2,9,2018
Local Potatoes 1Kg,174.26,2,9,2018
Imported Potatoes 1Kg,112.32,2,9,2018
Carrot 1kg,297.5,2,9,2018
Tomatoe No1. 1kg,74.81,2,9,2018
Leeks 1kg,142.05,3,9,2018
Local Potatoes 1Kg,159.35,3,9,2018
Imported Potatoes 1Kg,106.83,3,9,2018
Carrot 1kg,271.33,3,9,2018
Tomatoe No1. 1kg,74.47,3,9,2018
Leeks 1kg,144.44,4,9,2018
Local Potatoes 1Kg,151.41,4,9,2018
Imported Potatoes 1Kg,109.44,4,9,2018
Carrot 1kg,218.86,4,9,2018
Tomatoe No1. 1kg,78.89,4,9,2018
Leeks 1kg,145.14,1,10,2018
Local Potatoes 1Kg,145.0,1,10,2018
Imported Potatoes 1Kg,106.67,1,10,2018
Carrot 1kg,210.86,1,10,2018
Tomatoe No1. 1kg,78.89,1,10,2018
Leeks 1kg,143.08,2,10,2018
Local Potatoes 1Kg,148.15,2,10,2018
Imported Potatoes 1Kg,105.42,2,10,2018
Carrot 1kg,199.75,2,10,2018
Tomatoe No1. 1kg,100.13,2,10,2018
Leeks 1kg,160.0,3,10,2018
Local Potatoes 1Kg,142.76,3,10,2018
Imported Potatoes 1Kg,107.14,3,10,2018
Carrot 1kg,225.64,3,10,2018
Tomatoe No1. 1kg,146.9,3,10,2018
Leeks 1kg,162.79,4,10,2018
Local Potatoes 1Kg,141.44,4,10,2018
Imported Potatoes 1Kg,107.73,4,10,2018
Carrot 1kg,228.11,4,10,2018
Tomatoe No1. 1kg,175.43,4,10,2018
Leeks 1kg,217.33,1,11,2018
Local Potatoes 1Kg,170.0,1,11,2018
Imported Potatoes 1Kg,115.91,1,11,2018
Carrot 1kg,322.19,1,11,2018
Tomatoe No1. 1kg,281.94,1,11,2018
Leeks 1kg,234.68,2,11,2018
Local Potatoes 1Kg,186.14,2,11,2018
Imported Potatoes 1Kg,124.76,2,11,2018
Carrot 1kg,348.65,2,11,2018
Tomatoe No1. 1kg,377.65,2,11,2018
Leeks 1kg,274.11,3,11,2018
Local Potatoes 1Kg,183.04,3,11,2018
Imported Potatoes 1Kg,122.73,3,11,2018
Carrot 1kg,334.87,3,11,2018
Tomatoe No1. 1kg,366.91,3,11,2018
Leeks 1kg,274.89,4,11,2018
Local Potatoes 1Kg,182.8,4,11,2018
Imported Potatoes 1Kg,121.48,4,11,2018
Carrot 1kg,353.33,4,11,2018
Tomatoe No1. 1kg,374.37,4,11,2018
Leeks 1kg,281.7,1,12,2018
Local Potatoes 1Kg,185.0,1,12,2018
Imported Potatoes 1Kg,121.74,1,12,2018
Carrot 1kg,357.06,1,12,2018
Tomatoe No1. 1kg,377.83,1,12,2018
Leeks 1kg,251.0,2,12,2018
Local Potatoes 1Kg,182.17,2,12,2018
Imported Potatoes 1Kg,121.0,2,12,2018
Carrot 1kg,272.94,2,12,2018
Tomatoe No1. 1kg,378.28,2,12,2018
Leeks 1kg,240.98,3,12,2018
Local Potatoes 1Kg,184.4,3,12,2018
Imported Potatoes 1Kg,129.17,3,12,2018
Carrot 1kg,243.41,3,12,2018
Tomatoe No1. 1kg,367.89,3,12,2018
Leeks 1kg,237.21,4,12,2018
Local Potatoes 1Kg,176.3,4,12,2018
Imported Potatoes 1Kg,124.29,4,12,2018
Carrot 1kg,210.81,4,12,2018
Tomatoe No1. 1kg,231.49,4,12,2018
Leeks 1kg,213.51,1,1,2019
Local Potatoes 1Kg,168.26,1,1,2019
Imported Potatoes 1Kg,106.94,1,1,2019
Carrot 1kg,195.68,1,1,2019
Tomatoe No1. 1kg,182.5,1,1,2019
Leeks 1kg,178.42,2,1,2019
Local Potatoes 1Kg,173.33,2,1,2019
Imported Potatoes 1Kg,97.22,2,1,2019
Carrot 1kg,184.21,2,1,2019
Tomatoe No1. 1kg,149.14,2,1,2019
Leeks 1kg,178.59,3,1,2019
Local Potatoes 1Kg,180.42,3,1,2019
Imported Potatoes 1Kg,87.83,3,1,2019
Carrot 1kg,174.32,3,1,2019
Tomatoe No1. 1kg,145.53,3,1,2019
Leeks 1kg,176.1,4,1,2019
Local Potatoes 1Kg,184.44,4,1,2019
Imported Potatoes 1Kg,87.1,4,1,2019
Carrot 1kg,175.45,4,1,2019
Tomatoe No1. 1kg,134.95,4,1,2019
Leeks 1kg,168.11,1,2,2019
Local Potatoes 1Kg,178.24,1,2,2019
Imported Potatoes 1Kg,90.32,1,2,2019
Carrot 1kg,173.95,1,2,2019
Tomatoe No1. 1kg,132.32,1,2,2019
Leeks 1kg,144.21,2,2,2019
Local Potatoes 1Kg,169.17,2,2,2019
Imported Potatoes 1Kg,100.56,2,2,2019
Carrot 1kg,151.28,2,2,2019
Tomatoe No1. 1kg,106.35,2,2,2019
Leeks 1kg,142.67,3,2,2019
Local Potatoes 1Kg,164.71,3,2,2019
Imported Potatoes 1Kg,98.61,3,2,2019
Carrot 1kg,151.81,3,2,2019
Tomatoe No1. 1kg,103.73,3,2,2019
Leeks 1kg,143.33,4,2,2019
Local Potatoes 1Kg,166.09,4,2,2019
Imported Potatoes 1Kg,98.9,4,2,2019
Carrot 1kg,153.11,4,2,2019
Tomatoe No1. 1kg,105.65,4,2,2019
Leeks 1kg,138.38,1,3,2019
Local Potatoes 1Kg,162.63,1,3,2019
Imported Potatoes 1Kg,106.71,1,3,2019
Carrot 1kg,147.03,1,3,2019
Tomatoe No1. 1kg,105.95,1,3,2019
Leeks 1kg,141.62,2,3,2019
Local Potatoes 1Kg,153.1,2,3,2019
Imported Potatoes 1Kg,105.19,2,3,2019
Carrot 1kg,148.83,2,3,2019
Tomatoe No1. 1kg,107.57,2,3,2019
Leeks 1kg,136.67,3,3,2019
Local Potatoes 1Kg,152.67,3,3,2019
Imported Potatoes 1Kg,109.35,3,3,2019
Carrot 1kg,144.46,3,3,2019
Tomatoe No1. 1kg,102.7,3,3,2019
Leeks 1kg,136.11,4,3,2019
Local Potatoes 1Kg,158.57,4,3,2019
Imported Potatoes 1Kg,115.42,4,3,2019
Carrot 1kg,144.0,4,3,2019
Tomatoe No1. 1kg,104.57,4,3,2019
Leeks 1kg,143.08,1,4,2019
Local Potatoes 1Kg,171.58,1,4,2019
Imported Potatoes 1Kg,117.69,1,4,2019
Carrot 1kg,151.49,1,4,2019
Tomatoe No1. 1kg,103.89,1,4,2019
Leeks 1kg,142.56,2,4,2019
Local Potatoes 1Kg,177.08,2,4,2019
Imported Potatoes 1Kg,121.11,2,4,2019
Carrot 1kg,149.95,2,4,2019
Tomatoe No1. 1kg,128.65,2,4,2019
Leeks 1kg,,3,4,2019
Local Potatoes 1Kg,,3,4,2019
Imported Potatoes 1Kg,,3,4,2019
Carrot 1kg,,3,4,2019
Tomatoe No1. 1kg,,3,4,2019
Leeks 1kg,,4,4,2019
Local Potatoes 1Kg,,4,4,2019
Imported Potatoes 1Kg,,4,4,2019
Carrot 1kg,,4,4,2019
Tomatoe No1. 1kg,,4,4,2019
Leeks 1kg,145.64,1,5,2019
Local Potatoes 1Kg,196.32,1,5,2019
Imported Potatoes 1Kg,124.23,1,5,2019
Carrot 1kg,183.06,1,5,2019
Tomatoe No1. 1kg,164.8,1,5,2019
Leeks 1kg,164.95,2,5,2019
Local Potatoes 1Kg,198.33,2,5,2019
Imported Potatoes 1Kg,124.44,2,5,2019
Carrot 1kg,213.85,2,5,2019
Tomatoe No1. 1kg,174.56,2,5,2019
Leeks 1kg,160.67,3,5,2019
Local Potatoes 1Kg,200.5,3,5,2019
Imported Potatoes 1Kg,127.5,3,5,2019
Carrot 1kg,227.14,3,5,2019
Tomatoe No1. 1kg,172.86,3,5,2019
Leeks 1kg,165.0,4,5,2019
Local Potatoes 1Kg,200.45,4,5,2019
Imported Potatoes 1Kg,127.12,4,5,2019
Carrot 1kg,231.76,4,5,2019
Tomatoe No1. 1kg,177.65,4,5,2019
Leeks 1kg,163.23,1,6,2019
Local Potatoes 1Kg,210.19,1,6,2019
Imported Potatoes 1Kg,128.75,1,6,2019
Carrot 1kg,244.12,1,6,2019
Tomatoe No1. 1kg,132.9,1,6,2019
Leeks 1kg,166.47,2,6,2019
Local Potatoes 1Kg,207.79,2,6,2019
Imported Potatoes 1Kg,127.89,2,6,2019
Carrot 1kg,244.89,2,6,2019
Tomatoe No1. 1kg,133.33,2,6,2019
Leeks 1kg,165.0,3,6,2019
Local Potatoes 1Kg,207.92,3,6,2019
Imported Potatoes 1Kg,124.12,3,6,2019
Carrot 1kg,247.68,3,6,2019
Tomatoe No1. 1kg,135.29,3,6,2019
Leeks 1kg,140.53,4,6,2019
Local Potatoes 1Kg,215.83,4,6,2019
Imported Potatoes 1Kg,138.0,4,6,2019
Carrot 1kg,192.43,4,6,2019
Tomatoe No1. 1kg,106.11,4,6,2019
Leeks 1kg,147.7,1,7,2019
Local Potatoes 1Kg,216.1,1,7,2019
Imported Potatoes 1Kg,147.39,1,7,2019
Carrot 1kg,202.0,1,7,2019
Tomatoe No1. 1kg,131.32,1,7,2019
Leeks 1kg,147.89,2,7,2019
Local Potatoes 1Kg,218.57,2,7,2019
Imported Potatoes 1Kg,142.4,2,7,2019
Carrot 1kg,195.79,2,7,2019
Tomatoe No1. 1kg,113.18,2,7,2019
Leeks 1kg,150.55,3,7,2019
Local Potatoes 1Kg,249.23,3,7,2019
Imported Potatoes 1Kg,152.0,3,7,2019
Carrot 1kg,190.59,3,7,2019
Tomatoe No1. 1kg,128.06,3,7,2019
Leeks 1kg,144.21,4,7,2019
Local Potatoes 1Kg,250.0,4,7,2019
Imported Potatoes 1Kg,144.27,4,7,2019
Carrot 1kg,187.89,4,7,2019
Tomatoe No1. 1kg,120.28,4,7,2019
Leeks 1kg,133.08,1,8,2019
Local Potatoes 1Kg,250.18,1,8,2019
Imported Potatoes 1Kg,134.52,1,8,2019
Carrot 1kg,163.21,1,8,2019
Tomatoe No1. 1kg,151.43,1,8,2019
Leeks 1kg,136.84,2,8,2019
Local Potatoes 1Kg,247.63,2,8,2019
Imported Potatoes 1Kg,137.4,2,8,2019
Carrot 1kg,170.89,2,8,2019
Tomatoe No1. 1kg,162.39,2,8,2019
Leeks 1kg,135.43,3,8,2019
Local Potatoes 1Kg,244.21,3,8,2019
Imported Potatoes 1Kg,142.07,3,8,2019
Carrot 1kg,155.68,3,8,2019
Tomatoe No1. 1kg,164.0,3,8,2019
Leeks 1kg,141.05,4,8,2019
Local Potatoes 1Kg,221.82,4,8,2019
Imported Potatoes 1Kg,145.17,4,8,2019
Carrot 1kg,148.33,4,8,2019
Tomatoe No1. 1kg,158.16,4,8,2019
Leeks 1kg,144.22,1,9,2019
Local Potatoes 1Kg,224.29,1,9,2019
Imported Potatoes 1Kg,143.5,1,9,2019
Carrot 1kg,153.25,1,9,2019
Tomatoe No1. 1kg,157.57,1,9,2019
Leeks 1kg,147.11,2,9,2019
Local Potatoes 1Kg,221.54,2,9,2019
Imported Potatoes 1Kg,141.73,2,9,2019
Carrot 1kg,154.92,2,9,2019
Tomatoe No1. 1kg,143.53,2,9,2019
Leeks 1kg,148.21,3,9,2019
Local Potatoes 1Kg,219.14,3,9,2019
Imported Potatoes 1Kg,144.13,3,9,2019
Carrot 1kg,155.26,3,9,2019
Tomatoe No1. 1kg,152.8,3,9,2019
Leeks 1kg,145.97,4,9,2019
Local Potatoes 1Kg,211.42,4,9,2019
Imported Potatoes 1Kg,143.0,4,9,2019
Carrot 1kg,164.05,4,9,2019
Tomatoe No1. 1kg,160.68,4,9,2019
Leeks 1kg,145.05,1,10,2019
Local Potatoes 1Kg,208.7,1,10,2019
Imported Potatoes 1Kg,138.64,1,10,2019
Carrot 1kg,158.05,1,10,2019
Tomatoe No1. 1kg,162.49,1,10,2019
Leeks 1kg,147.2,2,10,2019
Local Potatoes 1Kg,182.52,2,10,2019
Imported Potatoes 1Kg,133.16,2,10,2019
Carrot 1kg,174.86,2,10,2019
Tomatoe No1. 1kg,185.06,2,10,2019
Leeks 1kg,172.89,3,10,2019
Local Potatoes 1Kg,186.22,3,10,2019
Imported Potatoes 1Kg,135.0,3,10,2019
Carrot 1kg,184.92,3,10,2019
Tomatoe No1. 1kg,183.33,3,10,2019
Leeks 1kg,188.51,4,10,2019
Local Potatoes 1Kg,178.85,4,10,2019
Imported Potatoes 1Kg,132.29,4,10,2019
Carrot 1kg,197.47,4,10,2019
Tomatoe No1. 1kg,191.74,4,10,2019
Leeks 1kg,197.24,1,11,2019
Local Potatoes 1Kg,196.73,1,11,2019
Imported Potatoes 1Kg,140.21,1,11,2019
Carrot 1kg,208.03,1,11,2019
Tomatoe No1. 1kg,191.66,1,11,2019
Leeks 1kg,223.08,2,11,2019
Local Potatoes 1Kg,200.38,2,11,2019
Imported Potatoes 1Kg,133.64,2,11,2019
Carrot 1kg,227.69,2,11,2019
Tomatoe No1. 1kg,150.8,2,11,2019
Leeks 1kg,219.19,3,11,2019
Local Potatoes 1Kg,204.54,3,11,2019
Imported Potatoes 1Kg,138.26,3,11,2019
Carrot 1kg,223.0,3,11,2019
Tomatoe No1. 1kg,164.0,3,11,2019
Leeks 1kg,301.21,4,11,2019
Local Potatoes 1Kg,225.26,4,11,2019
Imported Potatoes 1Kg,144.35,4,11,2019
Carrot 1kg,256.36,4,11,2019
Tomatoe No1. 1kg,137.88,4,11,2019
Leeks 1kg,308.33,1,12,2019
Local Potatoes 1Kg,224.17,1,12,2019
Imported Potatoes 1Kg,142.69,1,12,2019
Carrot 1kg,261.57,1,12,2019
Tomatoe No1. 1kg,169.71,1,12,2019
Leeks 1kg,373.52,2,12,2019
Local Potatoes 1Kg,238.24,2,12,2019
Imported Potatoes 1Kg,146.47,2,12,2019
Carrot 1kg,292.12,2,12,2019
Tomatoe No1. 1kg,179.7,2,12,2019
Leeks 1kg,402.97,3,12,2019
Local Potatoes 1Kg,227.33,3,12,2019
Imported Potatoes 1Kg,176.25,3,12,2019
Carrot 1kg,341.33,3,12,2019
Tomatoe No1. 1kg,193.1,3,12,2019
Leeks 1kg,401.26,4,12,2019
Local Potatoes 1Kg,238.89,4,12,2019
Imported Potatoes 1Kg,191.43,4,12,2019
Carrot 1kg,356.55,4,12,2019
Tomatoe No1. 1kg,299.29,4,12,2019
Leeks 1kg,396.36,1,1,2020
Local Potatoes 1Kg,228.53,1,1,2020
Imported Potatoes 1Kg,139.26,1,1,2020
Carrot 1kg,407.5,1,1,2020
Tomatoe No1. 1kg,289.68,1,1,2020
Leeks 1kg,455.88,2,1,2020
Local Potatoes 1Kg,235.29,2,1,2020
Imported Potatoes 1Kg,140.0,2,1,2020
Carrot 1kg,492.78,2,1,2020
Tomatoe No1. 1kg,423.38,2,1,2020
Leeks 1kg,431.14,3,1,2020
Local Potatoes 1Kg,233.68,3,1,2020
Imported Potatoes 1Kg,138.97,3,1,2020
Carrot 1kg,478.11,3,1,2020
Tomatoe No1. 1kg,457.65,3,1,2020
Leeks 1kg,385.2,4,1,2020
Local Potatoes 1Kg,220.68,4,1,2020
Imported Potatoes 1Kg,132.41,4,1,2020
Carrot 1kg,489.0,4,1,2020
Tomatoe No1. 1kg,523.68,4,1,2020
Leeks 1kg,373.95,1,2,2020
Local Potatoes 1Kg,229.74,1,2,2020
Imported Potatoes 1Kg,143.46,1,2,2020
Carrot 1kg,503.33,1,2,2020
Tomatoe No1. 1kg,514.53,1,2,2020
Leeks 1kg,343.0,2,2,2020
Local Potatoes 1Kg,222.22,2,2,2020
Imported Potatoes 1Kg,143.45,2,2,2020
Carrot 1kg,412.82,2,2,2020
Tomatoe No1. 1kg,446.32,2,2,2020
Leeks 1kg,297.26,3,2,2020
Local Potatoes 1Kg,216.18,3,2,2020
Imported Potatoes 1Kg,133.79,3,2,2020
Carrot 1kg,289.26,3,2,2020
Tomatoe No1. 1kg,304.59,3,2,2020
Leeks 1kg,244.39,4,2,2020
Local Potatoes 1Kg,207.38,4,2,2020
Imported Potatoes 1Kg,126.55,4,2,2020
Carrot 1kg,252.13,4,2,2020
Tomatoe No1. 1kg,217.89,4,2,2020
Leeks 1kg,204.84,1,3,2020
Local Potatoes 1Kg,178.84,1,3,2020
Imported Potatoes 1Kg,126.36,1,3,2020
Carrot 1kg,224.41,1,3,2020
Tomatoe No1. 1kg,206.25,1,3,2020
Leeks 1kg,205.16,2,3,2020
Local Potatoes 1Kg,190.95,2,3,2020
Imported Potatoes 1Kg,132.0,2,3,2020
Carrot 1kg,232.44,2,3,2020
Tomatoe No1. 1kg,166.91,2,3,2020
Leeks 1kg,194.67,3,3,2020
Local Potatoes 1Kg,187.93,3,3,2020
Imported Potatoes 1Kg,116.86,3,3,2020
Carrot 1kg,193.11,3,3,2020
Tomatoe No1. 1kg,163.46,3,3,2020
Leeks 1kg,199.32,4,3,2020
Local Potatoes 1Kg,190.2,4,3,2020
Imported Potatoes 1Kg,152.19,4,3,2020
Carrot 1kg,220.0,4,3,2020
Tomatoe No1. 1kg,196.15,4,3,2020
Leeks 1kg,212.47,1,4,2020
Local Potatoes 1Kg,198.89,1,4,2020
Imported Potatoes 1Kg,158.06,1,4,2020
Carrot 1kg,220.0,1,4,2020
Tomatoe No1. 1kg,213.27,1,4,2020
Leeks 1kg,218.53,2,4,2020
Local Potatoes 1Kg,240.0,2,4,2020
Imported Potatoes 1Kg,123.69,2,4,2020
Carrot 1kg,220.0,2,4,2020
Tomatoe No1. 1kg,180.0,2,4,2020
Leeks 1kg,180.0,3,4,2020
Local Potatoes 1Kg,240.0,3,4,2020
Imported Potatoes 1Kg,123.69,3,4,2020
Carrot 1kg,220.0,3,4,2020
Tomatoe No1. 1kg,100.0,3,4,2020
Leeks 1kg,160.0,4,4,2020
Local Potatoes 1Kg,240.24,4,4,2020
Imported Potatoes 1Kg,122.43,4,4,2020
Carrot 1kg,191.65,4,4,2020
Tomatoe No1. 1kg,98.0,4,4,2020
Leeks 1kg,169.08,1,5,2020
Local Potatoes 1Kg,241.26,1,5,2020
Imported Potatoes 1Kg,122.99,1,5,2020
Carrot 1kg,216.45,1,5,2020
Tomatoe No1. 1kg,100.7,1,5,2020
Leeks 1kg,200.4,2,5,2020
Local Potatoes 1Kg,226.67,2,5,2020
Imported Potatoes 1Kg,144.38,2,5,2020
Carrot 1kg,212.53,2,5,2020
Tomatoe No1. 1kg,107.74,2,5,2020
Leeks 1kg,217.24,3,5,2020
Local Potatoes 1Kg,224.37,3,5,2020
Imported Potatoes 1Kg,145.37,3,5,2020
Carrot 1kg,205.56,3,5,2020
Tomatoe No1. 1kg,128.03,3,5,2020
Leeks 1kg,217.5,4,5,2020
Local Potatoes 1Kg,210.0,4,5,2020
Imported Potatoes 1Kg,140.0,4,5,2020
Carrot 1kg,200.0,4,5,2020
Tomatoe No1. 1kg,137.5,4,5,2020
Leeks 1kg,193.99,1,6,2020
Local Potatoes 1Kg,218.21,1,6,2020
Imported Potatoes 1Kg,146.7,1,6,2020
Carrot 1kg,191.43,1,6,2020
Tomatoe No1. 1kg,163.36,1,6,2020
Leeks 1kg,210.43,2,6,2020
Local Potatoes 1Kg,215.02,2,6,2020
Imported Potatoes 1Kg,149.67,2,6,2020
Carrot 1kg,213.71,2,6,2020
Tomatoe No1. 1kg,188.85,2,6,2020
Leeks 1kg,201.66,3,6,2020
Local Potatoes 1Kg,222.19,3,6,2020
Imported Potatoes 1Kg,154.29,3,6,2020
Carrot 1kg,209.03,3,6,2020
Tomatoe No1. 1kg,247.09,3,6,2020
Leeks 1kg,192.06,4,6,2020
Local Potatoes 1Kg,215.28,4,6,2020
Imported Potatoes 1Kg,147.0,4,6,2020
Carrot 1kg,211.6,4,6,2020
Tomatoe No1. 1kg,259.06,4,6,2020
Leeks 1kg,167.57,1,7,2020
Local Potatoes 1Kg,222.39,1,7,2020
Imported Potatoes 1Kg,160.0,1,7,2020
Carrot 1kg,191.94,1,7,2020
Tomatoe No1. 1kg,197.35,1,7,2020
Leeks 1kg,165.0,2,7,2020
Local Potatoes 1Kg,241.25,2,7,2020
Imported Potatoes 1Kg,200.0,2,7,2020
Carrot 1kg,190.71,2,7,2020
Tomatoe No1. 1kg,180.4,2,7,2020
Leeks 1kg,158.64,3,7,2020
Local Potatoes 1Kg,262.33,3,7,2020
Imported Potatoes 1Kg,196.88,3,7,2020
Carrot 1kg,182.17,3,7,2020
Tomatoe No1. 1kg,147.2,3,7,2020
Leeks 1kg,152.0,4,7,2020
Local Potatoes 1Kg,252.67,4,7,2020
Imported Potatoes 1Kg,170.0,4,7,2020
Carrot 1kg,178.21,4,7,2020
Tomatoe No1. 1kg,127.0,4,7,2020
Leeks 1kg,,1,8,2020
Local Potatoes 1Kg,,1,8,2020
Imported Potatoes 1Kg,,1,8,2020
Carrot 1kg,,1,8,2020
Tomatoe No1. 1kg,,1,8,2020
Leeks 1kg,153.78,2,8,2020
Local Potatoes 1Kg,256.0,2,8,2020
Imported Potatoes 1Kg,155.0,2,8,2020
Carrot 1kg,180.86,2,8,2020
Tomatoe No1. 1kg,108.48,2,8,2020
Leeks 1kg,144.86,3,8,2020
Local Potatoes 1Kg,238.13,3,8,2020
Imported Potatoes 1Kg,142.14,3,8,2020
Carrot 1kg,170.3,3,8,2020
Tomatoe No1. 1kg,120.71,3,8,2020
Leeks 1kg,149.23,4,8,2020
Local Potatoes 1Kg,221.8,4,8,2020
Imported Potatoes 1Kg,140.43,4,8,2020
Carrot 1kg,190.56,4,8,2020
Tomatoe No1. 1kg,130.89,4,8,2020
Leeks 1kg,152.56,1,9,2020
Local Potatoes 1Kg,213.91,1,9,2020
Imported Potatoes 1Kg,145.48,1,9,2020
Carrot 1kg,194.17,1,9,2020
Tomatoe No1. 1kg,160.54,1,9,2020
Leeks 1kg,148.95,2,9,2020
Local Potatoes 1Kg,211.14,2,9,2020
Imported Potatoes 1Kg,148.5,2,9,2020
Carrot 1kg,192.78,2,9,2020
Tomatoe No1. 1kg,174.72,2,9,2020
Leeks 1kg,148.95,3,9,2020
Local Potatoes 1Kg,192.73,3,9,2020
Imported Potatoes 1Kg,147.5,3,9,2020
Carrot 1kg,193.21,3,9,2020
Tomatoe No1. 1kg,198.24,3,9,2020
Leeks 1kg,152.62,4,9,2020
Local Potatoes 1Kg,189.62,4,9,2020
Imported Potatoes 1Kg,147.27,4,9,2020
Carrot 1kg,210.91,4,9,2020
Tomatoe No1. 1kg,205.62,4,9,2020
Leeks 1kg,156.67,1,10,2020
Local Potatoes 1Kg,190.33,1,10,2020
Imported Potatoes 1Kg,149.33,1,10,2020
Carrot 1kg,217.33,1,10,2020
Tomatoe No1. 1kg,213.6,1,10,2020
Leeks 1kg,157.14,2,10,2020
Local Potatoes 1Kg,204.52,2,10,2020
Imported Potatoes 1Kg,153.33,2,10,2020
Carrot 1kg,207.5,2,10,2020
Tomatoe No1. 1kg,190.38,2,10,2020
Leeks 1kg,154.61,3,10,2020
Local Potatoes 1Kg,200.59,3,10,2020
Imported Potatoes 1Kg,155.38,3,10,2020
Carrot 1kg,199.59,3,10,2020
Tomatoe No1. 1kg,166.67,3,10,2020
Leeks 1kg,158.65,4,10,2020
Local Potatoes 1Kg,218.57,4,10,2020
Imported Potatoes 1Kg,160.0,4,10,2020
Carrot 1kg,200.82,4,10,2020
Tomatoe No1. 1kg,168.15,4,10,2020
Leeks 1kg,145.0,1,11,2020
Local Potatoes 1Kg,241.56,1,11,2020
Imported Potatoes 1Kg,164.79,1,11,2020
Carrot 1kg,231.0,1,11,2020
Tomatoe No1. 1kg,180.0,1,11,2020
Leeks 1kg,144.85,2,11,2020
Local Potatoes 1Kg,250.0,2,11,2020
Imported Potatoes 1Kg,178.0,2,11,2020
Carrot 1kg,233.27,2,11,2020
Tomatoe No1. 1kg,167.44,2,11,2020
Leeks 1kg,149.0,3,11,2020
Local Potatoes 1Kg,239.81,3,11,2020
Imported Potatoes 1Kg,183.33,3,11,2020
Carrot 1kg,242.5,3,11,2020
Tomatoe No1. 1kg,164.09,3,11,2020
Leeks 1kg,145.93,4,11,2020
Local Potatoes 1Kg,248.75,4,11,2020
Imported Potatoes 1Kg,185.0,4,11,2020
Carrot 1kg,246.4,4,11,2020
Tomatoe No1. 1kg,160.33,4,11,2020
Leeks 1kg,145.31,1,12,2020
Local Potatoes 1Kg,258.57,1,12,2020
Imported Potatoes 1Kg,196.88,1,12,2020
Carrot 1kg,259.23,1,12,2020
Tomatoe No1. 1kg,153.67,1,12,2020
Leeks 1kg,147.47,2,12,2020
Local Potatoes 1Kg,280.0,2,12,2020
Imported Potatoes 1Kg,210.38,2,12,2020
Carrot 1kg,268.67,2,12,2020
Tomatoe No1. 1kg,155.29,2,12,2020
Leeks 1kg,151.0,3,12,2020
Local Potatoes 1Kg,316.67,3,12,2020
Imported Potatoes 1Kg,200.77,3,12,2020
Carrot 1kg,247.56,3,12,2020
Tomatoe No1. 1kg,140.29,3,12,2020
Leeks 1kg,148.42,4,12,2020
Local Potatoes 1Kg,323.75,4,12,2020
Imported Potatoes 1Kg,204.09,4,12,2020
Carrot 1kg,238.94,4,12,2020
Tomatoe No1. 1kg,146.92,4,12,2020
Leeks 1kg,153.21,1,1,2021
Local Potatoes 1Kg,264.17,1,1,2021
Imported Potatoes 1Kg,159.23,1,1,2021
Carrot 1kg,216.36,1,1,2021
Tomatoe No1. 1kg,181.05,1,1,2021
Leeks 1kg,152.5,2,1,2021
Local Potatoes 1Kg,230.77,2,1,2021
Imported Potatoes 1Kg,135.0,2,1,2021
Carrot 1kg,202.8,2,1,2021
Tomatoe No1. 1kg,183.1,2,1,2021
Leeks 1kg,145.91,3,1,2021
Local Potatoes 1Kg,222.86,3,1,2021
Imported Potatoes 1Kg,135.0,3,1,2021
Carrot 1kg,204.26,3,1,2021
Tomatoe No1. 1kg,188.09,3,1,2021
Leeks 1kg,161.26,4,1,2021
Local Potatoes 1Kg,216.25,4,1,2021
Imported Potatoes 1Kg,135.65,4,1,2021
Carrot 1kg,219.72,4,1,2021
Tomatoe No1. 1kg,190.12,4,1,2021
Leeks 1kg,196.68,1,2,2021
Local Potatoes 1Kg,204.69,1,2,2021
Imported Potatoes 1Kg,137.59,1,2,2021
Carrot 1kg,225.26,1,2,2021
Tomatoe No1. 1kg,228.13,1,2,2021
Leeks 1kg,192.85,2,2,2021
Local Potatoes 1Kg,213.39,2,2,2021
Imported Potatoes 1Kg,145.0,2,2,2021
Carrot 1kg,221.0,2,2,2021
Tomatoe No1. 1kg,241.76,2,2,2021
Leeks 1kg,200.68,3,2,2021
Local Potatoes 1Kg,201.33,3,2,2021
Imported Potatoes 1Kg,142.94,3,2,2021
Carrot 1kg,212.8,3,2,2021
Tomatoe No1. 1kg,293.2,3,2,2021
Leeks 1kg,194.36,4,2,2021
Local Potatoes 1Kg,196.43,4,2,2021
Imported Potatoes 1Kg,138.61,4,2,2021
Carrot 1kg,215.0,4,2,2021
Tomatoe No1. 1kg,298.88,4,2,2021
Leeks 1kg,196.36,1,3,2021
Local Potatoes 1Kg,192.5,1,3,2021
Imported Potatoes 1Kg,138.21,1,3,2021
Carrot 1kg,228.18,1,3,2021
Tomatoe No1. 1kg,296.52,1,3,2021
Leeks 1kg,180.0,2,3,2021
Local Potatoes 1Kg,182.5,2,3,2021
Imported Potatoes 1Kg,136.43,2,3,2021
Carrot 1kg,226.36,2,3,2021
Tomatoe No1. 1kg,231.36,2,3,2021
Leeks 1kg,178.21,3,3,2021
Local Potatoes 1Kg,174.21,3,3,2021
Imported Potatoes 1Kg,120.0,3,3,2021
Carrot 1kg,226.52,3,3,2021
Tomatoe No1. 1kg,200.0,3,3,2021
Leeks 1kg,172.5,4,3,2021
Local Potatoes 1Kg,169.41,4,3,2021
Imported Potatoes 1Kg,117.14,4,3,2021
Carrot 1kg,218.89,4,3,2021
Tomatoe No1. 1kg,177.5,4,3,2021
Leeks 1kg,158.57,1,4,2021
Local Potatoes 1Kg,184.08,1,4,2021
Imported Potatoes 1Kg,115.38,1,4,2021
Carrot 1kg,200.43,1,4,2021
Tomatoe No1. 1kg,167.73,1,4,2021
Leeks 1kg,,2,4,2021
Local Potatoes 1Kg,,2,4,2021
Imported Potatoes 1Kg,,2,4,2021
Carrot 1kg,,2,4,2021
Tomatoe No1. 1kg,,2,4,2021
Leeks 1kg,152.17,3,4,2021
Local Potatoes 1Kg,190.59,3,4,2021
Imported Potatoes 1Kg,122.96,3,4,2021
Carrot 1kg,202.4,3,4,2021
Tomatoe No1. 1kg,155.33,3,4,2021
Leeks 1kg,141.9,4,4,2021
Local Potatoes 1Kg,183.13,4,4,2021
Imported Potatoes 1Kg,134.62,4,4,2021
Carrot 1kg,210.4,4,4,2021
Tomatoe No1. 1kg,134.0,4,4,2021
Leeks 1kg,145.56,1,5,2021
Local Potatoes 1Kg,185.56,1,5,2021
Imported Potatoes 1Kg,142.19,1,5,2021
Carrot 1kg,201.11,1,5,2021
Tomatoe No1. 1kg,140.0,1,5,2021
Leeks 1kg,154.0,2,5,2021
Local Potatoes 1Kg,185.0,2,5,2021
Imported Potatoes 1Kg,143.0,2,5,2021
Carrot 1kg,188.74,2,5,2021
Tomatoe No1. 1kg,153.33,2,5,2021
Leeks 1kg,187.14,3,5,2021
Local Potatoes 1Kg,193.08,3,5,2021
Imported Potatoes 1Kg,154.21,3,5,2021
Carrot 1kg,233.18,3,5,2021
Tomatoe No1. 1kg,216.11,3,5,2021
Leeks 1kg,196.84,4,5,2021
Local Potatoes 1Kg,194.64,4,5,2021
Imported Potatoes 1Kg,153.68,4,5,2021
Carrot 1kg,241.0,4,5,2021
Tomatoe No1. 1kg,223.75,4,5,2021
Leeks 1kg,197.0,1,6,2021
Local Potatoes 1Kg,195.33,1,6,2021
Imported Potatoes 1Kg,152.67,1,6,2021
Carrot 1kg,237.86,1,6,2021
Tomatoe No1. 1kg,228.82,1,6,2021
Leeks 1kg,211.82,2,6,2021
Local Potatoes 1Kg,197.86,2,6,2021
Imported Potatoes 1Kg,160.63,2,6,2021
Carrot 1kg,247.22,2,6,2021
Tomatoe No1. 1kg,223.57,2,6,2021
Leeks 1kg,217.27,3,6,2021
Local Potatoes 1Kg,200.71,3,6,2021
Imported Potatoes 1Kg,162.14,3,6,2021
Carrot 1kg,245.88,3,6,2021
Tomatoe No1. 1kg,222.31,3,6,2021
Leeks 1kg,258.5,4,6,2021
Local Potatoes 1Kg,215.0,4,6,2021
Imported Potatoes 1Kg,160.71,4,6,2021
Carrot 1kg,250.56,4,6,2021
Tomatoe No1. 1kg,214.21,4,6,2021
Leeks 1kg,228.5,1,7,2021
Local Potatoes 1Kg,206.67,1,7,2021
Imported Potatoes 1Kg,160.56,1,7,2021
Carrot 1kg,209.52,1,7,2021
Tomatoe No1. 1kg,149.05,1,7,2021
Leeks 1kg,230.5,2,7,2021
Local Potatoes 1Kg,216.15,2,7,2021
Imported Potatoes 1Kg,166.92,2,7,2021
Carrot 1kg,190.5,2,7,2021
Tomatoe No1. 1kg,140.73,2,7,2021
Leeks 1kg,246.84,3,7,2021
Local Potatoes 1Kg,226.25,3,7,2021
Imported Potatoes 1Kg,161.25,3,7,2021
Carrot 1kg,201.88,3,7,2021
Tomatoe No1. 1kg,154.22,3,7,2021
Leeks 1kg,270.0,4,7,2021
Local Potatoes 1Kg,230.77,4,7,2021
Imported Potatoes 1Kg,163.85,4,7,2021
Carrot 1kg,201.05,4,7,2021
Tomatoe No1. 1kg,148.13,4,7,2021
Leeks 1kg,277.09,1,8,2021
Local Potatoes 1Kg,228.18,1,8,2021
Imported Potatoes 1Kg,160.38,1,8,2021
Carrot 1kg,200.84,1,8,2021
Tomatoe No1. 1kg,142.86,1,8,2021
Leeks 1kg,272.55,2,8,2021
Local Potatoes 1Kg,228.46,2,8,2021
Imported Potatoes 1Kg,165.71,2,8,2021
Carrot 1kg,204.0,2,8,2021
Tomatoe No1. 1kg,144.55,2,8,2021
Leeks 1kg,274.6,3,8,2021
Local Potatoes 1Kg,253.08,3,8,2021
Imported Potatoes 1Kg,186.92,3,8,2021
Carrot 1kg,202.14,3,8,2021
Tomatoe No1. 1kg,184.0,3,8,2021
Leeks 1kg,241.0,4,8,2021
Local Potatoes 1Kg,249.33,4,8,2021
Imported Potatoes 1Kg,190.63,4,8,2021
Carrot 1kg,187.86,4,8,2021
Tomatoe No1. 1kg,172.86,4,8,2021
Leeks 1kg,241.0,1,9,2021
Local Potatoes 1Kg,245.0,1,9,2021
Imported Potatoes 1Kg,161.5,1,9,2021
Carrot 1kg,190.0,1,9,2021
Tomatoe No1. 1kg,181.43,1,9,2021
Leeks 1kg,239.29,2,9,2021
Local Potatoes 1Kg,221.19,2,9,2021
Imported Potatoes 1Kg,146.11,2,9,2021
Carrot 1kg,169.41,2,9,2021
Tomatoe No1. 1kg,173.57,2,9,2021
Leeks 1kg,228.46,3,9,2021
Local Potatoes 1Kg,217.08,3,9,2021
Imported Potatoes 1Kg,141.5,3,9,2021
Carrot 1kg,168.13,3,9,2021
Tomatoe No1. 1kg,173.0,3,9,2021
Leeks 1kg,207.78,4,9,2021
Local Potatoes 1Kg,212.5,4,9,2021
Imported Potatoes 1Kg,148.64,4,9,2021
Carrot 1kg,178.89,4,9,2021
Tomatoe No1. 1kg,161.0,4,9,2021
Leeks 1kg,227.5,1,10,2021
Local Potatoes 1Kg,213.25,1,10,2021
Imported Potatoes 1Kg,161.33,1,10,2021
Carrot 1kg,189.55,1,10,2021
Tomatoe No1. 1kg,125.45,1,10,2021
Leeks 1kg,247.6,2,10,2021
Local Potatoes 1Kg,208.75,2,10,2021
Imported Potatoes 1Kg,156.76,2,10,2021
Carrot 1kg,200.36,2,10,2021
Tomatoe No1. 1kg,142.08,2,10,2021
Leeks 1kg,264.04,3,10,2021
Local Potatoes 1Kg,207.71,3,10,2021
Imported Potatoes 1Kg,160.0,3,10,2021
Carrot 1kg,189.91,3,10,2021
Tomatoe No1. 1kg,146.35,3,10,2021
Leeks 1kg,268.18,4,10,2021
Local Potatoes 1Kg,212.22,4,10,2021
Imported Potatoes 1Kg,160.91,4,10,2021
Carrot 1kg,199.05,4,10,2021
Tomatoe No1. 1kg,215.29,4,10,2021
Leeks 1kg,270.0,1,11,2021
Local Potatoes 1Kg,220.4,1,11,2021
Imported Potatoes 1Kg,174.67,1,11,2021
Carrot 1kg,222.86,1,11,2021
Tomatoe No1. 1kg,376.67,1,11,2021
Leeks 1kg,287.08,2,11,2021
Local Potatoes 1Kg,237.05,2,11,2021
Imported Potatoes 1Kg,185.0,2,11,2021
Carrot 1kg,254.29,2,11,2021
Tomatoe No1. 1kg,417.04,2,11,2021
Leeks 1kg,337.19,3,11,2021
Local Potatoes 1Kg,253.54,3,11,2021
Imported Potatoes 1Kg,193.67,3,11,2021
Carrot 1kg,338.33,3,11,2021
Tomatoe No1. 1kg,435.52,3,11,2021
Leeks 1kg,421.25,4,11,2021
Local Potatoes 1Kg,262.33,4,11,2021
Imported Potatoes 1Kg,200.63,4,11,2021
Carrot 1kg,405.91,4,11,2021
Tomatoe No1. 1kg,443.52,4,11,2021
Leeks 1kg,402.48,1,12,2021
Local Potatoes 1Kg,283.05,1,12,2021
Imported Potatoes 1Kg,182.38,1,12,2021
Carrot 1kg,390.07,1,12,2021
Tomatoe No1. 1kg,516.1,1,12,2021
Leeks 1kg,438.04,2,12,2021
Local Potatoes 1Kg,283.67,2,12,2021
Imported Potatoes 1Kg,178.42,2,12,2021
Carrot 1kg,495.83,2,12,2021
Tomatoe No1. 1kg,485.68,2,12,2021
Leeks 1kg,414.29,3,12,2021
Local Potatoes 1Kg,264.09,3,12,2021
Imported Potatoes 1Kg,181.06,3,12,2021
Carrot 1kg,482.73,3,12,2021
Tomatoe No1. 1kg,463.33,3,12,2021
Leeks 1kg,412.5,4,12,2021
Local Potatoes 1Kg,275.8,4,12,2021
Imported Potatoes 1Kg,200.83,4,12,2021
Carrot 1kg,501.82,4,12,2021
Tomatoe No1. 1kg,326.5,4,12,2021
Leeks 1kg,378.57,1,1,2022
Local Potatoes 1Kg,282.33,1,1,2022
Imported Potatoes 1Kg,206.54,1,1,2022
Carrot 1kg,499.67,1,1,2022
Tomatoe No1. 1kg,294.86,1,1,2022
Leeks 1kg,358.62,2,1,2022
Local Potatoes 1Kg,298.31,2,1,2022
Imported Potatoes 1Kg,194.11,2,1,2022
Carrot 1kg,466.09,2,1,2022
Tomatoe No1. 1kg,277.5,2,1,2022
Leeks 1kg,331.36,3,1,2022
Local Potatoes 1Kg,280.62,3,1,2022
Imported Potatoes 1Kg,196.25,3,1,2022
Carrot 1kg,467.77,3,1,2022
Tomatoe No1. 1kg,256.84,3,1,2022
Leeks 1kg,326.0,4,1,2022
Local Potatoes 1Kg,300.0,4,1,2022
Imported Potatoes 1Kg,199.05,4,1,2022
Carrot 1kg,463.03,4,1,2022
Tomatoe No1. 1kg,231.88,4,1,2022
Leeks 1kg,299.26,1,2,2022
Local Potatoes 1Kg,305.33,1,2,2022
Imported Potatoes 1Kg,191.54,1,2,2022
Carrot 1kg,469.0,1,2,2022
Tomatoe No1. 1kg,217.41,1,2,2022
Leeks 1kg,256.86,2,2,2022
Local Potatoes 1Kg,326.8,2,2,2022
Imported Potatoes 1Kg,176.43,2,2,2022
Carrot 1kg,487.29,2,2,2022
Tomatoe No1. 1kg,192.29,2,2,2022
Leeks 1kg,242.07,3,2,2022
Local Potatoes 1Kg,328.67,3,2,2022
Imported Potatoes 1Kg,178.54,3,2,2022
Carrot 1kg,533.46,3,2,2022
Tomatoe No1. 1kg,271.48,3,2,2022
Leeks 1kg,216.25,4,2,2022
Local Potatoes 1Kg,276.77,4,2,2022
Imported Potatoes 1Kg,158.52,4,2,2022
Carrot 1kg,441.25,4,2,2022
Tomatoe No1. 1kg,340.0,4,2,2022
Leeks 1kg,209.39,1,3,2022
Local Potatoes 1Kg,281.29,1,3,2022
Imported Potatoes 1Kg,148.81,1,3,2022
Carrot 1kg,411.18,1,3,2022
Tomatoe No1. 1kg,386.77,1,3,2022
Leeks 1kg,207.74,2,3,2022
Local Potatoes 1Kg,265.76,2,3,2022
Imported Potatoes 1Kg,149.09,2,3,2022
Carrot 1kg,377.42,2,3,2022
Tomatoe No1. 1kg,412.76,2,3,2022
Leeks 1kg,206.56,3,3,2022
Local Potatoes 1Kg,262.94,3,3,2022
Imported Potatoes 1Kg,163.18,3,3,2022
Carrot 1kg,338.62,3,3,2022
Tomatoe No1. 1kg,351.48,3,3,2022
Leeks 1kg,197.04,4,3,2022
Local Potatoes 1Kg,260.67,4,3,2022
Imported Potatoes 1Kg,159.05,4,3,2022
Carrot 1kg,298.46,4,3,2022
Tomatoe No1. 1kg,310.42,4,3,2022
Leeks 1kg,222.41,1,4,2022
Local Potatoes 1Kg,274.67,1,4,2022
Imported Potatoes 1Kg,193.33,1,4,2022
Carrot 1kg,285.16,1,4,2022
Tomatoe No1. 1kg,208.97,1,4,2022
Leeks 1kg,,2,4,2022
Local Potatoes 1Kg,,2,4,2022
Imported Potatoes 1Kg,,2,4,2022
Carrot 1kg,,2,4,2022
Tomatoe No1. 1kg,,2,4,2022
Leeks 1kg,234.55,3,4,2022
Local Potatoes 1Kg,309.33,3,4,2022
Imported Potatoes 1Kg,220.0,3,4,2022
Carrot 1kg,260.48,3,4,2022
Tomatoe No1. 1kg,237.89,3,4,2022
Leeks 1kg,204.29,4,4,2022
Local Potatoes 1Kg,291.11,4,4,2022
Imported Potatoes 1Kg,198.4,4,4,2022
Carrot 1kg,209.29,4,4,2022
Tomatoe No1. 1kg,268.46,4,4,2022
Leeks 1kg,232.4,1,5,2022
Local Potatoes 1Kg,288.33,1,5,2022
Imported Potatoes 1Kg,188.89,1,5,2022
Carrot 1kg,252.0,1,5,2022
Tomatoe No1. 1kg,408.7,1,5,2022
Leeks 1kg,,2,5,2022
Local Potatoes 1Kg,,2,5,2022
Imported Potatoes 1Kg,,2,5,2022
Carrot 1kg,,2,5,2022
Tomatoe No1. 1kg,,2,5,2022
Leeks 1kg,293.0,3,5,2022
Local Potatoes 1Kg,332.73,3,5,2022
Imported Potatoes 1Kg,212.63,3,5,2022
Carrot 1kg,401.58,3,5,2022
Tomatoe No1. 1kg,755.56,3,5,2022
Leeks 1kg,365.45,4,5,2022
Local Potatoes 1Kg,357.31,4,5,2022
Imported Potatoes 1Kg,226.5,4,5,2022
Carrot 1kg,435.22,4,5,2022
Tomatoe No1. 1kg,765.65,4,5,2022
Leeks 1kg,377.73,1,6,2022
Local Potatoes 1Kg,361.25,1,6,2022
Imported Potatoes 1Kg,237.5,1,6,2022
Carrot 1kg,456.19,1,6,2022
Tomatoe No1. 1kg,846.67,1,6,2022
Leeks 1kg,386.5,2,6,2022
Local Potatoes 1Kg,370.59,2,6,2022
Imported Potatoes 1Kg,238.0,2,6,2022
Carrot 1kg,459.52,2,6,2022
Tomatoe No1. 1kg,887.39,2,6,2022
Leeks 1kg,361.74,3,6,2022
Local Potatoes 1Kg,379.29,3,6,2022
Imported Potatoes 1Kg,243.33,3,6,2022
Carrot 1kg,456.25,3,6,2022
Tomatoe No1. 1kg,815.16,3,6,2022
Leeks 1kg,374.44,4,6,2022
Local Potatoes 1Kg,380.0,4,6,2022
Imported Potatoes 1Kg,260.0,4,6,2022
Carrot 1kg,433.5,4,6,2022
Tomatoe No1. 1kg,809.38,4,6,2022
Leeks 1kg,324.55,1,7,2022
Local Potatoes 1Kg,408.42,1,7,2022
Imported Potatoes 1Kg,258.67,1,7,2022
Carrot 1kg,412.73,1,7,2022
Tomatoe No1. 1kg,323.81,1,7,2022
Leeks 1kg,392.5,2,7,2022
Local Potatoes 1Kg,470.0,2,7,2022
Imported Potatoes 1Kg,248.75,2,7,2022
Carrot 1kg,502.5,2,7,2022
Tomatoe No1. 1kg,331.43,2,7,2022
Leeks 1kg,364.44,3,7,2022
Local Potatoes 1Kg,526.67,3,7,2022
Imported Potatoes 1Kg,248.61,3,7,2022
Carrot 1kg,449.47,3,7,2022
Tomatoe No1. 1kg,348.0,3,7,2022
Leeks 1kg,331.9,4,7,2022
Local Potatoes 1Kg,476.67,4,7,2022
Imported Potatoes 1Kg,217.86,4,7,2022
Carrot 1kg,400.0,4,7,2022
Tomatoe No1. 1kg,361.82,4,7,2022
Leeks 1kg,325.45,1,8,2022
Local Potatoes 1Kg,441.43,1,8,2022
Imported Potatoes 1Kg,216.67,1,8,2022
Carrot 1kg,402.61,1,8,2022
Tomatoe No1. 1kg,494.0,1,8,2022
Leeks 1kg,317.5,2,8,2022
Local Potatoes 1Kg,454.29,2,8,2022
Imported Potatoes 1Kg,217.14,2,8,2022
Carrot 1kg,411.3,2,8,2022
Tomatoe No1. 1kg,525.0,2,8,2022
Leeks 1kg,359.13,3,8,2022
Local Potatoes 1Kg,486.0,3,8,2022
Imported Potatoes 1Kg,220.0,3,8,2022
Carrot 1kg,479.13,3,8,2022
Tomatoe No1. 1kg,511.5,3,8,2022
Leeks 1kg,335.83,4,8,2022
Local Potatoes 1Kg,483.13,4,8,2022
Imported Potatoes 1Kg,205.29,4,8,2022
Carrot 1kg,434.17,4,8,2022
Tomatoe No1. 1kg,395.24,4,8,2022
Leeks 1kg,324.29,1,9,2022
Local Potatoes 1Kg,471.54,1,9,2022
Imported Potatoes 1Kg,273.75,1,9,2022
Carrot 1kg,463.64,1,9,2022
Tomatoe No1. 1kg,360.0,1,9,2022
Leeks 1kg,380.0,2,9,2022
Local Potatoes 1Kg,468.63,2,9,2022
Imported Potatoes 1Kg,293.75,2,9,2022
Carrot 1kg,467.41,2,9,2022
Tomatoe No1. 1kg,350.0,2,9,2022
Leeks 1kg,375.91,3,9,2022
Local Potatoes 1Kg,460.91,3,9,2022
Imported Potatoes 1Kg,293.53,3,9,2022
Carrot 1kg,469.17,3,9,2022
Tomatoe No1. 1kg,305.22,3,9,2022
Leeks 1kg,354.17,4,9,2022
Local Potatoes 1Kg,436.25,4,9,2022
Imported Potatoes 1Kg,255.24,4,9,2022
Carrot 1kg,460.87,4,9,2022
Tomatoe No1. 1kg,310.43,4,9,2022
Leeks 1kg,395.83,1,10,2022
Local Potatoes 1Kg,431.54,1,10,2022
Imported Potatoes 1Kg,217.5,1,10,2022
Carrot 1kg,494.58,1,10,2022
Tomatoe No1. 1kg,336.96,1,10,2022
Leeks 1kg,370.92,2,10,2022
Local Potatoes 1Kg,423.7,2,10,2022
Imported Potatoes 1Kg,208.0,2,10,2022
Carrot 1kg,453.63,2,10,2022
Tomatoe No1. 1kg,355.67,2,10,2022
Leeks 1kg,372.5,3,10,2022
Local Potatoes 1Kg,402.33,3,10,2022
Imported Potatoes 1Kg,210.0,3,10,2022
Carrot 1kg,433.6,3,10,2022
Tomatoe No1. 1kg,392.92,3,10,2022
Leeks 1kg,371.2,4,10,2022
Local Potatoes 1Kg,404.72,4,10,2022
Imported Potatoes 1Kg,221.58,4,10,2022
Carrot 1kg,456.0,4,10,2022
Tomatoe No1. 1kg,423.33,4,10,2022
Leeks 1kg,378.52,1,11,2022
Local Potatoes 1Kg,417.11,1,11,2022
Imported Potatoes 1Kg,235.0,1,11,2022
Carrot 1kg,460.38,1,11,2022
Tomatoe No1. 1kg,465.0,1,11,2022
Leeks 1kg,376.0,2,11,2022
Local Potatoes 1Kg,423.42,2,11,2022
Imported Potatoes 1Kg,228.44,2,11,2022
Carrot 1kg,465.45,2,11,2022
Tomatoe No1. 1kg,502.0,2,11,2022
Leeks 1kg,423.18,3,11,2022
Local Potatoes 1Kg,458.13,3,11,2022
Imported Potatoes 1Kg,228.82,3,11,2022
Carrot 1kg,530.0,3,11,2022
Tomatoe No1. 1kg,504.76,3,11,2022
Leeks 1kg,455.0,4,11,2022
Local Potatoes 1Kg,472.14,4,11,2022
Imported Potatoes 1Kg,233.33,4,11,2022
Carrot 1kg,507.6,4,11,2022
Tomatoe No1. 1kg,427.73,4,11,2022
Leeks 1kg,488.33,1,12,2022
Local Potatoes 1Kg,469.29,1,12,2022
Imported Potatoes 1Kg,201.39,1,12,2022
Carrot 1kg,472.0,1,12,2022
Tomatoe No1. 1kg,279.0,1,12,2022
Leeks 1kg,492.8,2,12,2022
Local Potatoes 1Kg,475.0,2,12,2022
Imported Potatoes 1Kg,227.71,2,12,2022
Carrot 1kg,453.52,2,12,2022
Tomatoe No1. 1kg,285.19,2,12,2022
Leeks 1kg,486.4,3,12,2022
Local Potatoes 1Kg,491.0,3,12,2022
Imported Potatoes 1Kg,211.67,3,12,2022
Carrot 1kg,415.56,3,12,2022
Tomatoe No1. 1kg,262.5,3,12,2022
Leeks 1kg,506.9,4,12,2022
Local Potatoes 1Kg,477.14,4,12,2022
Imported Potatoes 1Kg,198.26,4,12,2022
Carrot 1kg,415.19,4,12,2022
Tomatoe No1. 1kg,323.21,4,12,2022
Leeks 1kg,466.15,1,1,2023
Local Potatoes 1Kg,465.83,1,1,2023
Imported Potatoes 1Kg,184.0,1,1,2023
Carrot 1kg,401.36,1,1,2023
Tomatoe No1. 1kg,264.76,1,1,2023
Leeks 1kg,415.52,2,1,2023
Local Potatoes 1Kg,436.36,2,1,2023
Imported Potatoes 1Kg,172.5,2,1,2023
Carrot 1kg,300.0,2,1,2023
Tomatoe No1. 1kg,220.69,2,1,2023
Leeks 1kg,414.62,3,1,2023
Local Potatoes 1Kg,453.64,3,1,2023
Imported Potatoes 1Kg,174.57,3,1,2023
Carrot 1kg,320.71,3,1,2023
Tomatoe No1. 1kg,299.26,3,1,2023
Leeks 1kg,374.29,4,1,2023
Local Potatoes 1Kg,440.91,4,1,2023
Imported Potatoes 1Kg,163.2,4,1,2023
Carrot 1kg,292.41,4,1,2023
Tomatoe No1. 1kg,268.85,4,1,2023
Leeks 1kg,325.19,1,2,2023
Local Potatoes 1Kg,404.23,1,2,2023
Imported Potatoes 1Kg,147.73,1,2,2023
Carrot 1kg,260.0,1,2,2023
Tomatoe No1. 1kg,302.86,1,2,2023
Leeks 1kg,357.93,2,2,2023
Local Potatoes 1Kg,397.73,2,2,2023
Imported Potatoes 1Kg,152.4,2,2,2023
Carrot 1kg,269.23,2,2,2023
Tomatoe No1. 1kg,396.3,2,2,2023
Leeks 1kg,344.44,3,2,2023
Local Potatoes 1Kg,402.73,3,2,2023
Imported Potatoes 1Kg,197.71,3,2,2023
Carrot 1kg,262.69,3,2,2023
Tomatoe No1. 1kg,321.92,3,2,2023
Leeks 1kg,334.48,4,2,2023
Local Potatoes 1Kg,364.09,4,2,2023
Imported Potatoes 1Kg,187.27,4,2,2023
Carrot 1kg,254.83,4,2,2023
Tomatoe No1. 1kg,290.4,4,2,2023
Leeks 1kg,326.77,1,3,2023
Local Potatoes 1Kg,314.62,1,3,2023
Imported Potatoes 1Kg,158.41,1,3,2023
Carrot 1kg,243.57,1,3,2023
Tomatoe No1. 1kg,265.93,1,3,2023
Leeks 1kg,297.14,2,3,2023
Local Potatoes 1Kg,305.45,2,3,2023
Imported Potatoes 1Kg,154.78,2,3,2023
Carrot 1kg,223.08,2,3,2023
Tomatoe No1. 1kg,322.14,2,3,2023
Leeks 1kg,295.17,3,3,2023
Local Potatoes 1Kg,309.0,3,3,2023
Imported Potatoes 1Kg,163.6,3,3,2023
Carrot 1kg,214.93,3,3,2023
Tomatoe No1. 1kg,319.64,3,3,2023
Leeks 1kg,320.0,4,3,2023
Local Potatoes 1Kg,310.0,4,3,2023
Imported Potatoes 1Kg,164.6,4,3,2023
Carrot 1kg,213.57,4,3,2023
Tomatoe No1. 1kg,315.56,4,3,2023
Leeks 1kg,309.63,1,4,2023
Local Potatoes 1Kg,301.67,1,4,2023
Imported Potatoes 1Kg,165.65,1,4,2023
Carrot 1kg,223.19,1,4,2023
Tomatoe No1. 1kg,272.73,1,4,2023
Leeks 1kg,,2,4,2023
Local Potatoes 1Kg,,2,4,2023
Imported Potatoes 1Kg,,2,4,2023
Carrot 1kg,,2,4,2023
Tomatoe No1. 1kg,,2,4,2023
Leeks 1kg,359.5,3,4,2023
Local Potatoes 1Kg,348.13,3,4,2023
Imported Potatoes 1Kg,199.0,3,4,2023
Carrot 1kg,288.1,3,4,2023
Tomatoe No1. 1kg,311.43,3,4,2023
Leeks 1kg,346.96,4,4,2023
Local Potatoes 1Kg,347.08,4,4,2023
Imported Potatoes 1Kg,189.0,4,4,2023
Carrot 1kg,257.5,4,4,2023
Tomatoe No1. 1kg,266.0,4,4,2023
Leeks 1kg,346.79,1,5,2023
Local Potatoes 1Kg,345.0,1,5,2023
Imported Potatoes 1Kg,192.5,1,5,2023
Carrot 1kg,259.31,1,5,2023
Tomatoe No1. 1kg,301.3,1,5,2023
Leeks 1kg,350.0,2,5,2023
Local Potatoes 1Kg,353.08,2,5,2023
Imported Potatoes 1Kg,199.78,2,5,2023
Carrot 1kg,269.29,2,5,2023
Tomatoe No1. 1kg,387.41,2,5,2023
Leeks 1kg,440.0,3,5,2023
Local Potatoes 1Kg,338.67,3,5,2023
Imported Potatoes 1Kg,200.6,3,5,2023
Carrot 1kg,366.67,3,5,2023
Tomatoe No1. 1kg,478.52,3,5,2023
Leeks 1kg,451.43,4,5,2023
Local Potatoes 1Kg,359.0,4,5,2023
Imported Potatoes 1Kg,199.38,4,5,2023
Carrot 1kg,404.14,4,5,2023
Tomatoe No1. 1kg,380.91,4,5,2023
Leeks 1kg,455.56,1,6,2023
Local Potatoes 1Kg,353.08,1,6,2023
Imported Potatoes 1Kg,191.04,1,6,2023
Carrot 1kg,450.29,1,6,2023
Tomatoe No1. 1kg,406.92,1,6,2023
Leeks 1kg,415.56,2,6,2023
Local Potatoes 1Kg,361.67,2,6,2023
Imported Potatoes 1Kg,190.83,2,6,2023
Carrot 1kg,444.48,2,6,2023
Tomatoe No1. 1kg,381.67,2,6,2023
Leeks 1kg,395.77,3,6,2023
Local Potatoes 1Kg,366.36,3,6,2023
Imported Potatoes 1Kg,208.46,3,6,2023
Carrot 1kg,458.15,3,6,2023
Tomatoe No1. 1kg,335.6,3,6,2023
Leeks 1kg,384.64,4,6,2023
Local Potatoes 1Kg,350.88,4,6,2023
Imported Potatoes 1Kg,224.76,4,6,2023
Carrot 1kg,527.5,4,6,2023
Tomatoe No1. 1kg,364.44,4,6,2023
Leeks 1kg,365.52,1,7,2023
Local Potatoes 1Kg,383.64,1,7,2023
Imported Potatoes 1Kg,244.29,1,7,2023
Carrot 1kg,525.59,1,7,2023
Tomatoe No1. 1kg,527.5,1,7,2023
Leeks 1kg,360.77,2,7,2023
Local Potatoes 1Kg,381.67,2,7,2023
Imported Potatoes 1Kg,249.63,2,7,2023
Carrot 1kg,491.11,2,7,2023
Tomatoe No1. 1kg,654.62,2,7,2023
Leeks 1kg,338.0,3,7,2023
Local Potatoes 1Kg,389.0,3,7,2023
Imported Potatoes 1Kg,246.8,3,7,2023
Carrot 1kg,511.54,3,7,2023
Tomatoe No1. 1kg,600.87,3,7,2023
Leeks 1kg,320.34,4,7,2023
Local Potatoes 1Kg,390.77,4,7,2023
Imported Potatoes 1Kg,236.36,4,7,2023
Carrot 1kg,552.5,4,7,2023
Tomatoe No1. 1kg,442.5,4,7,2023
Leeks 1kg,309.64,1,8,2023
Local Potatoes 1Kg,413.33,1,8,2023
Imported Potatoes 1Kg,233.6,1,8,2023
Carrot 1kg,541.67,1,8,2023
Tomatoe No1. 1kg,362.59,1,8,2023
Leeks 1kg,291.72,2,8,2023
Local Potatoes 1Kg,403.08,2,8,2023
Imported Potatoes 1Kg,232.8,2,8,2023
Carrot 1kg,533.45,2,8,2023
Tomatoe No1. 1kg,307.24,2,8,2023
Leeks 1kg,283.79,3,8,2023
Local Potatoes 1Kg,408.13,3,8,2023
Imported Potatoes 1Kg,220.42,3,8,2023
Carrot 1kg,519.26,3,8,2023
Tomatoe No1. 1kg,303.93,3,8,2023
Leeks 1kg,280.0,4,8,2023
Local Potatoes 1Kg,425.0,4,8,2023
Imported Potatoes 1Kg,214.09,4,8,2023
Carrot 1kg,482.5,4,8,2023
Tomatoe No1. 1kg,239.26,4,8,2023
Leeks 1kg,257.14,1,9,2023
Local Potatoes 1Kg,425.0,1,9,2023
Imported Potatoes 1Kg,219.17,1,9,2023
Carrot 1kg,388.0,1,9,2023
Tomatoe No1. 1kg,215.38,1,9,2023
Leeks 1kg,237.41,2,9,2023
Local Potatoes 1Kg,379.62,2,9,2023
Imported Potatoes 1Kg,214.4,2,9,2023
Carrot 1kg,340.0,2,9,2023
Tomatoe No1. 1kg,243.0,2,9,2023
Leeks 1kg,242.76,3,9,2023
Local Potatoes 1Kg,342.5,3,9,2023
Imported Potatoes 1Kg,208.26,3,9,2023
Carrot 1kg,315.93,3,9,2023
Tomatoe No1. 1kg,238.89,3,9,2023
Leeks 1kg,195.0,4,9,2023
Local Potatoes 1Kg,293.67,4,9,2023
Imported Potatoes 1Kg,199.13,4,9,2023
Carrot 1kg,264.29,4,9,2023
Tomatoe No1. 1kg,232.69,4,9,2023
Leeks 1kg,213.7,1,10,2023
Local Potatoes 1Kg,318.93,1,10,2023
Imported Potatoes 1Kg,207.2,1,10,2023
Carrot 1kg,322.31,1,10,2023
Tomatoe No1. 1kg,225.19,1,10,2023
Leeks 1kg,238.57,2,10,2023
Local Potatoes 1Kg,312.94,2,10,2023
Imported Potatoes 1Kg,218.4,2,10,2023
Carrot 1kg,315.0,2,10,2023
Tomatoe No1. 1kg,234.07,2,10,2023
Leeks 1kg,224.64,3,10,2023
Local Potatoes 1Kg,318.57,3,10,2023
Imported Potatoes 1Kg,233.0,3,10,2023
Carrot 1kg,301.79,3,10,2023
Tomatoe No1. 1kg,295.38,3,10,2023
Leeks 1kg,227.14,4,10,2023
Local Potatoes 1Kg,320.63,4,10,2023
Imported Potatoes 1Kg,217.73,4,10,2023
Carrot 1kg,323.45,4,10,2023
Tomatoe No1. 1kg,266.67,4,10,2023
Leeks 1kg,276.3,1,11,2023
Local Potatoes 1Kg,332.08,1,11,2023
Imported Potatoes 1Kg,225.4,1,11,2023
Carrot 1kg,386.07,1,11,2023
Tomatoe No1. 1kg,360.87,1,11,2023
Leeks 1kg,345.19,2,11,2023
Local Potatoes 1Kg,355.63,2,11,2023
Imported Potatoes 1Kg,204.21,2,11,2023
Carrot 1kg,479.63,2,11,2023
Tomatoe No1. 1kg,417.6,2,11,2023
Leeks 1kg,320.0,3,11,2023
Local Potatoes 1Kg,377.5,3,11,2023
Imported Potatoes 1Kg,218.75,3,11,2023
Carrot 1kg,410.74,3,11,2023
Tomatoe No1. 1kg,474.23,3,11,2023
Leeks 1kg,391.23,4,11,2023
Local Potatoes 1Kg,366.47,4,11,2023
Imported Potatoes 1Kg,234.54,4,11,2023
Carrot 1kg,484.44,4,11,2023
Tomatoe No1. 1kg,530.37,4,11,2023
Leeks 1kg,409.71,1,12,2023
Local Potatoes 1Kg,378.0,1,12,2023
Imported Potatoes 1Kg,233.5,1,12,2023
Carrot 1kg,458.52,1,12,2023
Tomatoe No1. 1kg,761.54,1,12,2023
Leeks 1kg,440.33,2,12,2023
Local Potatoes 1Kg,393.57,2,12,2023
Imported Potatoes 1Kg,241.8,2,12,2023
Carrot 1kg,486.0,2,12,2023
Tomatoe No1. 1kg,742.96,2,12,2023
Leeks 1kg,424.83,3,12,2023
Local Potatoes 1Kg,373.08,3,12,2023
Imported Potatoes 1Kg,215.24,3,12,2023
Carrot 1kg,524.33,3,12,2023
Tomatoe No1. 1kg,736.92,3,12,2023
Leeks 1kg,527.14,4,12,2023
Local Potatoes 1Kg,376.0,4,12,2023
Imported Potatoes 1Kg,200.83,4,12,2023
Carrot 1kg,687.41,4,12,2023
Tomatoe No1. 1kg,629.54,4,12,2023
Leeks 1kg,564.17,1,1,2024
Local Potatoes 1Kg,399.0,1,1,2024
Imported Potatoes 1Kg,206.67,1,1,2024
Carrot 1kg,775.08,1,1,2024
Tomatoe No1. 1kg,839.17,1,1,2024
Leeks 1kg,500.0,2,1,2024
Local Potatoes 1Kg,374.0,2,1,2024
Imported Potatoes 1Kg,208.0,2,1,2024
Carrot 1kg,956.07,2,1,2024
Tomatoe No1. 1kg,661.0,2,1,2024
Leeks 1kg,704.8,3,1,2024
Local Potatoes 1Kg,355.0,3,1,2024
Imported Potatoes 1Kg,200.4,3,1,2024
Carrot 1kg,2078.26,3,1,2024
Tomatoe No1. 1kg,625.19,3,1,2024
Leeks 1kg,654.81,4,1,2024
Local Potatoes 1Kg,358.89,4,1,2024
Imported Potatoes 1Kg,226.15,4,1,2024
Carrot 1kg,1333.85,4,1,2024
Tomatoe No1. 1kg,777.04,4,1,2024
