Name,Price,Week,Month,Year,Season
Green_Chillies_LCVEG_1kg,276.39,1,1,2017,North-East Monsoon Season
Leeks_UPCVEG_1kg,129.14,1,1,2017,North-East Monsoon Season
BeetRoot_UPCVEG_1kg,129.7,1,1,2017,North-East Monsoon Season
Carrot_UPCVEG_1kg,139.71,1,1,2017,North-East Monsoon Season
Green_Chillies_LCVEG_1kg,279.36,2,1,2017,North-East Monsoon Season
Leeks_UPCVEG_1kg,125.65,2,1,2017,North-East Monsoon Season
BeetRoot_UPCVEG_1kg,128.0,2,1,2017,North-East Monsoon Season
Carrot_UPCVEG_1kg,132.41,2,1,2017,North-East Monsoon Season
Green_Chillies_LCVEG_1kg,351.61,3,1,2017,North-East Monsoon Season
Leeks_UPCVEG_1kg,118.86,3,1,2017,North-East Monsoon Season
BeetRoot_UPCVEG_1kg,125.37,3,1,2017,North-East Monsoon Season
Carrot_UPCVEG_1kg,130.26,3,1,2017,North-East Monsoon Season
Green_Chillies_LCVEG_1kg,363.47,4,1,2017,North-East Monsoon Season
Leeks_UPCVEG_1kg,121.14,4,1,2017,North-East Monsoon Season
BeetRoot_UPCVEG_1kg,127.18,4,1,2017,North-East Monsoon Season
Carrot_UPCVEG_1kg,128.0,4,1,2017,North-East Monsoon Season
Green_Chillies_LCVEG_1kg,357.59,1,2,2017,North-East Monsoon Season
Leeks_UPCVEG_1kg,117.06,1,2,2017,North-East Monsoon Season
BeetRoot_UPCVEG_1kg,124.32,1,2,2017,North-East Monsoon Season
Carrot_UPCVEG_1kg,125.56,1,2,2017,North-East Monsoon Season
Green_Chillies_LCVEG_1kg,352.94,2,2,2017,North-East Monsoon Season
Leeks_UPCVEG_1kg,119.33,2,2,2017,North-East Monsoon Season
BeetRoot_UPCVEG_1kg,126.11,2,2,2017,North-East Monsoon Season
Carrot_UPCVEG_1kg,131.2,2,2,2017,North-East Monsoon Season
Green_Chillies_LCVEG_1kg,351.39,3,2,2017,North-East Monsoon Season
Leeks_UPCVEG_1kg,120.0,3,2,2017,North-East Monsoon Season
BeetRoot_UPCVEG_1kg,125.56,3,2,2017,North-East Monsoon Season
Carrot_UPCVEG_1kg,132.8,3,2,2017,North-East Monsoon Season
Green_Chillies_LCVEG_1kg,360.83,4,2,2017,North-East Monsoon Season
Leeks_UPCVEG_1kg,113.68,4,2,2017,North-East Monsoon Season
BeetRoot_UPCVEG_1kg,130.29,4,2,2017,North-East Monsoon Season
Carrot_UPCVEG_1kg,129.3,4,2,2017,North-East Monsoon Season
Green_Chillies_LCVEG_1kg,351.19,1,3,2017,First Inter-monsoon Season
Leeks_UPCVEG_1kg,99.49,1,3,2017,First Inter-monsoon Season
BeetRoot_UPCVEG_1kg,128.89,1,3,2017,First Inter-monsoon Season
Carrot_UPCVEG_1kg,130.94,1,3,2017,First Inter-monsoon Season
Green_Chillies_LCVEG_1kg,340.63,2,3,2017,First Inter-monsoon Season
Leeks_UPCVEG_1kg,101.08,2,3,2017,First Inter-monsoon Season
BeetRoot_UPCVEG_1kg,128.13,2,3,2017,First Inter-monsoon Season
Carrot_UPCVEG_1kg,130.56,2,3,2017,First Inter-monsoon Season
Green_Chillies_LCVEG_1kg,293.33,3,3,2017,First Inter-monsoon Season
Leeks_UPCVEG_1kg,102.05,3,3,2017,First Inter-monsoon Season
BeetRoot_UPCVEG_1kg,126.0,3,3,2017,First Inter-monsoon Season
Carrot_UPCVEG_1kg,129.41,3,3,2017,First Inter-monsoon Season
Green_Chillies_LCVEG_1kg,277.81,4,3,2017,First Inter-monsoon Season
Leeks_UPCVEG_1kg,95.63,4,3,2017,First Inter-monsoon Season
BeetRoot_UPCVEG_1kg,130.81,4,3,2017,First Inter-monsoon Season
Carrot_UPCVEG_1kg,136.26,4,3,2017,First Inter-monsoon Season
Green_Chillies_LCVEG_1kg,288.38,1,4,2017,First Inter-monsoon Season
Leeks_UPCVEG_1kg,102.94,1,4,2017,First Inter-monsoon Season
BeetRoot_UPCVEG_1kg,142.16,1,4,2017,First Inter-monsoon Season
Carrot_UPCVEG_1kg,137.22,1,4,2017,First Inter-monsoon Season
Green_Chillies_LCVEG_1kg,281.88,2,4,2017,First Inter-monsoon Season
Leeks_UPCVEG_1kg,109.44,2,4,2017,First Inter-monsoon Season
BeetRoot_UPCVEG_1kg,152.67,2,4,2017,First Inter-monsoon Season
Carrot_UPCVEG_1kg,138.46,2,4,2017,First Inter-monsoon Season
Green_Chillies_LCVEG_1kg,277.0,3,4,2017,First Inter-monsoon Season
Leeks_UPCVEG_1kg,109.7,3,4,2017,First Inter-monsoon Season
BeetRoot_UPCVEG_1kg,156.3,3,4,2017,First Inter-monsoon Season
Carrot_UPCVEG_1kg,146.11,3,4,2017,First Inter-monsoon Season
Green_Chillies_LCVEG_1kg,252.59,4,4,2017,First Inter-monsoon Season
Leeks_UPCVEG_1kg,109.94,4,4,2017,First Inter-monsoon Season
BeetRoot_UPCVEG_1kg,200.15,4,4,2017,First Inter-monsoon Season
Carrot_UPCVEG_1kg,215.63,4,4,2017,First Inter-monsoon Season
Green_Chillies_LCVEG_1kg,270.0,1,5,2017,South-West Monsoon Season
Leeks_UPCVEG_1kg,111.61,1,5,2017,South-West Monsoon Season
BeetRoot_UPCVEG_1kg,206.06,1,5,2017,South-West Monsoon Season
Carrot_UPCVEG_1kg,225.26,1,5,2017,South-West Monsoon Season
Green_Chillies_LCVEG_1kg,310.43,2,5,2017,South-West Monsoon Season
Leeks_UPCVEG_1kg,113.58,2,5,2017,South-West Monsoon Season
BeetRoot_UPCVEG_1kg,210.93,2,5,2017,South-West Monsoon Season
Carrot_UPCVEG_1kg,281.84,2,5,2017,South-West Monsoon Season
Green_Chillies_LCVEG_1kg,313.07,3,5,2017,South-West Monsoon Season
Leeks_UPCVEG_1kg,118.29,3,5,2017,South-West Monsoon Season
BeetRoot_UPCVEG_1kg,211.37,3,5,2017,South-West Monsoon Season
Carrot_UPCVEG_1kg,300.0,3,5,2017,South-West Monsoon Season
Green_Chillies_LCVEG_1kg,733.33,4,5,2017,South-West Monsoon Season
Leeks_UPCVEG_1kg,143.0,4,5,2017,South-West Monsoon Season
BeetRoot_UPCVEG_1kg,214.74,4,5,2017,South-West Monsoon Season
Carrot_UPCVEG_1kg,308.48,4,5,2017,South-West Monsoon Season
Green_Chillies_LCVEG_1kg,668.06,1,6,2017,South-West Monsoon Season
Leeks_UPCVEG_1kg,146.11,1,6,2017,South-West Monsoon Season
BeetRoot_UPCVEG_1kg,201.74,1,6,2017,South-West Monsoon Season
Carrot_UPCVEG_1kg,291.35,1,6,2017,South-West Monsoon Season
Green_Chillies_LCVEG_1kg,673.61,2,6,2017,South-West Monsoon Season
Leeks_UPCVEG_1kg,146.49,2,6,2017,South-West Monsoon Season
BeetRoot_UPCVEG_1kg,202.86,2,6,2017,South-West Monsoon Season
Carrot_UPCVEG_1kg,294.59,2,6,2017,South-West Monsoon Season
Green_Chillies_LCVEG_1kg,649.51,3,6,2017,South-West Monsoon Season
Leeks_UPCVEG_1kg,145.09,3,6,2017,South-West Monsoon Season
BeetRoot_UPCVEG_1kg,199.89,3,6,2017,South-West Monsoon Season
Carrot_UPCVEG_1kg,305.13,3,6,2017,South-West Monsoon Season
Green_Chillies_LCVEG_1kg,522.36,4,6,2017,South-West Monsoon Season
Leeks_UPCVEG_1kg,145.37,4,6,2017,South-West Monsoon Season
BeetRoot_UPCVEG_1kg,192.11,4,6,2017,South-West Monsoon Season
Carrot_UPCVEG_1kg,293.53,4,6,2017,South-West Monsoon Season
Green_Chillies_LCVEG_1kg,499.51,1,7,2017,South-West Monsoon Season
Leeks_UPCVEG_1kg,140.53,1,7,2017,South-West Monsoon Season
BeetRoot_UPCVEG_1kg,176.32,1,7,2017,South-West Monsoon Season
Carrot_UPCVEG_1kg,230.29,1,7,2017,South-West Monsoon Season
Green_Chillies_LCVEG_1kg,528.42,2,7,2017,South-West Monsoon Season
Leeks_UPCVEG_1kg,137.84,2,7,2017,South-West Monsoon Season
BeetRoot_UPCVEG_1kg,169.23,2,7,2017,South-West Monsoon Season
Carrot_UPCVEG_1kg,229.06,2,7,2017,South-West Monsoon Season
Green_Chillies_LCVEG_1kg,503.78,3,7,2017,South-West Monsoon Season
Leeks_UPCVEG_1kg,134.87,3,7,2017,South-West Monsoon Season
BeetRoot_UPCVEG_1kg,141.67,3,7,2017,South-West Monsoon Season
Carrot_UPCVEG_1kg,228.89,3,7,2017,South-West Monsoon Season
Green_Chillies_LCVEG_1kg,484.62,4,7,2017,South-West Monsoon Season
Leeks_UPCVEG_1kg,133.0,4,7,2017,South-West Monsoon Season
BeetRoot_UPCVEG_1kg,138.24,4,7,2017,South-West Monsoon Season
Carrot_UPCVEG_1kg,230.77,4,7,2017,South-West Monsoon Season
Green_Chillies_LCVEG_1kg,475.0,1,8,2017,South-West Monsoon Season
Leeks_UPCVEG_1kg,134.05,1,8,2017,South-West Monsoon Season
BeetRoot_UPCVEG_1kg,138.89,1,8,2017,South-West Monsoon Season
Carrot_UPCVEG_1kg,204.21,1,8,2017,South-West Monsoon Season
Green_Chillies_LCVEG_1kg,492.11,2,8,2017,South-West Monsoon Season
Leeks_UPCVEG_1kg,134.44,2,8,2017,South-West Monsoon Season
BeetRoot_UPCVEG_1kg,139.49,2,8,2017,South-West Monsoon Season
Carrot_UPCVEG_1kg,196.92,2,8,2017,South-West Monsoon Season
Green_Chillies_LCVEG_1kg,497.44,3,8,2017,South-West Monsoon Season
Leeks_UPCVEG_1kg,133.83,3,8,2017,South-West Monsoon Season
BeetRoot_UPCVEG_1kg,136.22,3,8,2017,South-West Monsoon Season
Carrot_UPCVEG_1kg,172.31,3,8,2017,South-West Monsoon Season
Green_Chillies_LCVEG_1kg,465.63,4,8,2017,South-West Monsoon Season
Leeks_UPCVEG_1kg,131.49,4,8,2017,South-West Monsoon Season
BeetRoot_UPCVEG_1kg,135.76,4,8,2017,South-West Monsoon Season
Carrot_UPCVEG_1kg,159.68,4,8,2017,South-West Monsoon Season
Green_Chillies_LCVEG_1kg,460.61,1,9,2017,South-West Monsoon Season
Leeks_UPCVEG_1kg,141.21,1,9,2017,South-West Monsoon Season
BeetRoot_UPCVEG_1kg,133.33,1,9,2017,South-West Monsoon Season
Carrot_UPCVEG_1kg,144.12,1,9,2017,South-West Monsoon Season
Green_Chillies_LCVEG_1kg,446.15,2,9,2017,South-West Monsoon Season
Leeks_UPCVEG_1kg,150.8,2,9,2017,South-West Monsoon Season
BeetRoot_UPCVEG_1kg,141.14,2,9,2017,South-West Monsoon Season
Carrot_UPCVEG_1kg,143.5,2,9,2017,South-West Monsoon Season
Green_Chillies_LCVEG_1kg,450.0,3,9,2017,South-West Monsoon Season
Leeks_UPCVEG_1kg,153.3,3,9,2017,South-West Monsoon Season
BeetRoot_UPCVEG_1kg,142.16,3,9,2017,South-West Monsoon Season
Carrot_UPCVEG_1kg,146.5,3,9,2017,South-West Monsoon Season
Green_Chillies_LCVEG_1kg,441.67,4,9,2017,South-West Monsoon Season
Leeks_UPCVEG_1kg,171.5,4,9,2017,South-West Monsoon Season
BeetRoot_UPCVEG_1kg,140.5,4,9,2017,South-West Monsoon Season
Carrot_UPCVEG_1kg,173.46,4,9,2017,South-West Monsoon Season
Green_Chillies_LCVEG_1kg,533.24,1,10,2017,Second Inter-monsoon Season
Leeks_UPCVEG_1kg,180.57,1,10,2017,Second Inter-monsoon Season
BeetRoot_UPCVEG_1kg,147.18,1,10,2017,Second Inter-monsoon Season
Carrot_UPCVEG_1kg,169.5,1,10,2017,Second Inter-monsoon Season
Green_Chillies_LCVEG_1kg,535.95,2,10,2017,Second Inter-monsoon Season
Leeks_UPCVEG_1kg,198.86,2,10,2017,Second Inter-monsoon Season
BeetRoot_UPCVEG_1kg,147.33,2,10,2017,Second Inter-monsoon Season
Carrot_UPCVEG_1kg,178.44,2,10,2017,Second Inter-monsoon Season
Green_Chillies_LCVEG_1kg,535.95,3,10,2017,Second Inter-monsoon Season
Leeks_UPCVEG_1kg,194.48,3,10,2017,Second Inter-monsoon Season
BeetRoot_UPCVEG_1kg,143.21,3,10,2017,Second Inter-monsoon Season
Carrot_UPCVEG_1kg,186.34,3,10,2017,Second Inter-monsoon Season
Green_Chillies_LCVEG_1kg,621.72,4,10,2017,Second Inter-monsoon Season
Leeks_UPCVEG_1kg,205.26,4,10,2017,Second Inter-monsoon Season
BeetRoot_UPCVEG_1kg,155.43,4,10,2017,Second Inter-monsoon Season
Carrot_UPCVEG_1kg,202.05,4,10,2017,Second Inter-monsoon Season
Green_Chillies_LCVEG_1kg,766.67,1,11,2017,Second Inter-monsoon Season
Leeks_UPCVEG_1kg,238.89,1,11,2017,Second Inter-monsoon Season
BeetRoot_UPCVEG_1kg,151.16,1,11,2017,Second Inter-monsoon Season
Carrot_UPCVEG_1kg,216.1,1,11,2017,Second Inter-monsoon Season
Green_Chillies_LCVEG_1kg,752.0,2,11,2017,Second Inter-monsoon Season
Leeks_UPCVEG_1kg,236.76,2,11,2017,Second Inter-monsoon Season
BeetRoot_UPCVEG_1kg,158.56,2,11,2017,Second Inter-monsoon Season
Carrot_UPCVEG_1kg,221.46,2,11,2017,Second Inter-monsoon Season
Green_Chillies_LCVEG_1kg,958.59,3,11,2017,Second Inter-monsoon Season
Leeks_UPCVEG_1kg,267.5,3,11,2017,Second Inter-monsoon Season
BeetRoot_UPCVEG_1kg,190.91,3,11,2017,Second Inter-monsoon Season
Carrot_UPCVEG_1kg,242.67,3,11,2017,Second Inter-monsoon Season
Green_Chillies_LCVEG_1kg,960.49,4,11,2017,Second Inter-monsoon Season
Leeks_UPCVEG_1kg,296.9,4,11,2017,Second Inter-monsoon Season
BeetRoot_UPCVEG_1kg,219.43,4,11,2017,Second Inter-monsoon Season
Carrot_UPCVEG_1kg,252.22,4,11,2017,Second Inter-monsoon Season
Green_Chillies_LCVEG_1kg,887.5,1,12,2017,North-East Monsoon Season
Leeks_UPCVEG_1kg,290.42,1,12,2017,North-East Monsoon Season
BeetRoot_UPCVEG_1kg,228.42,1,12,2017,North-East Monsoon Season
Carrot_UPCVEG_1kg,239.23,1,12,2017,North-East Monsoon Season
Green_Chillies_LCVEG_1kg,685.83,2,12,2017,North-East Monsoon Season
Leeks_UPCVEG_1kg,294.5,2,12,2017,North-East Monsoon Season
BeetRoot_UPCVEG_1kg,240.74,2,12,2017,North-East Monsoon Season
Carrot_UPCVEG_1kg,232.45,2,12,2017,North-East Monsoon Season
Green_Chillies_LCVEG_1kg,698.42,3,12,2017,North-East Monsoon Season
Leeks_UPCVEG_1kg,288.11,3,12,2017,North-East Monsoon Season
BeetRoot_UPCVEG_1kg,244.97,3,12,2017,North-East Monsoon Season
Carrot_UPCVEG_1kg,198.67,3,12,2017,North-East Monsoon Season
Green_Chillies_LCVEG_1kg,653.56,4,12,2017,North-East Monsoon Season
Leeks_UPCVEG_1kg,292.77,4,12,2017,North-East Monsoon Season
BeetRoot_UPCVEG_1kg,249.19,4,12,2017,North-East Monsoon Season
Carrot_UPCVEG_1kg,198.41,4,12,2017,North-East Monsoon Season
Green_Chillies_LCVEG_1kg,537.51,1,1,2018,North-East Monsoon Season
Leeks_UPCVEG_1kg,267.95,1,1,2018,North-East Monsoon Season
BeetRoot_UPCVEG_1kg,253.09,1,1,2018,North-East Monsoon Season
Carrot_UPCVEG_1kg,206.57,1,1,2018,North-East Monsoon Season
Green_Chillies_LCVEG_1kg,325.63,2,1,2018,North-East Monsoon Season
Leeks_UPCVEG_1kg,250.77,2,1,2018,North-East Monsoon Season
BeetRoot_UPCVEG_1kg,229.41,2,1,2018,North-East Monsoon Season
Carrot_UPCVEG_1kg,184.5,2,1,2018,North-East Monsoon Season
Green_Chillies_LCVEG_1kg,327.33,3,1,2018,North-East Monsoon Season
Leeks_UPCVEG_1kg,261.84,3,1,2018,North-East Monsoon Season
BeetRoot_UPCVEG_1kg,198.32,3,1,2018,North-East Monsoon Season
Carrot_UPCVEG_1kg,160.24,3,1,2018,North-East Monsoon Season
Green_Chillies_LCVEG_1kg,320.65,4,1,2018,North-East Monsoon Season
Leeks_UPCVEG_1kg,259.14,4,1,2018,North-East Monsoon Season
BeetRoot_UPCVEG_1kg,184.8,4,1,2018,North-East Monsoon Season
Carrot_UPCVEG_1kg,159.16,4,1,2018,North-East Monsoon Season
Green_Chillies_LCVEG_1kg,410.72,1,2,2018,North-East Monsoon Season
Leeks_UPCVEG_1kg,168.11,1,2,2018,North-East Monsoon Season
BeetRoot_UPCVEG_1kg,192.0,1,2,2018,North-East Monsoon Season
Carrot_UPCVEG_1kg,173.95,1,2,2018,North-East Monsoon Season
Green_Chillies_LCVEG_1kg,359.7,2,2,2018,North-East Monsoon Season
Leeks_UPCVEG_1kg,144.21,2,2,2018,North-East Monsoon Season
BeetRoot_UPCVEG_1kg,118.27,2,2,2018,North-East Monsoon Season
Carrot_UPCVEG_1kg,151.28,2,2,2018,North-East Monsoon Season
Green_Chillies_LCVEG_1kg,361.03,3,2,2018,North-East Monsoon Season
Leeks_UPCVEG_1kg,142.67,3,2,2018,North-East Monsoon Season
BeetRoot_UPCVEG_1kg,116.55,3,2,2018,North-East Monsoon Season
Carrot_UPCVEG_1kg,151.81,3,2,2018,North-East Monsoon Season
Green_Chillies_LCVEG_1kg,365.76,4,2,2018,North-East Monsoon Season
Leeks_UPCVEG_1kg,143.33,4,2,2018,North-East Monsoon Season
BeetRoot_UPCVEG_1kg,117.14,4,2,2018,North-East Monsoon Season
Carrot_UPCVEG_1kg,153.11,4,2,2018,North-East Monsoon Season
Green_Chillies_LCVEG_1kg,225.0,1,3,2018,First Inter-monsoon Season
Leeks_UPCVEG_1kg,186.32,1,3,2018,First Inter-monsoon Season
BeetRoot_UPCVEG_1kg,113.16,1,3,2018,First Inter-monsoon Season
Carrot_UPCVEG_1kg,144.11,1,3,2018,First Inter-monsoon Season
Green_Chillies_LCVEG_1kg,225.0,2,3,2018,First Inter-monsoon Season
Leeks_UPCVEG_1kg,181.71,2,3,2018,First Inter-monsoon Season
BeetRoot_UPCVEG_1kg,114.36,2,3,2018,First Inter-monsoon Season
Carrot_UPCVEG_1kg,149.14,2,3,2018,First Inter-monsoon Season
Green_Chillies_LCVEG_1kg,219.12,3,3,2018,First Inter-monsoon Season
Leeks_UPCVEG_1kg,182.46,3,3,2018,First Inter-monsoon Season
BeetRoot_UPCVEG_1kg,98.24,3,3,2018,First Inter-monsoon Season
Carrot_UPCVEG_1kg,135.67,3,3,2018,First Inter-monsoon Season
Green_Chillies_LCVEG_1kg,220.59,4,3,2018,First Inter-monsoon Season
Leeks_UPCVEG_1kg,193.64,4,3,2018,First Inter-monsoon Season
BeetRoot_UPCVEG_1kg,104.38,4,3,2018,First Inter-monsoon Season
Carrot_UPCVEG_1kg,148.57,4,3,2018,First Inter-monsoon Season
Green_Chillies_LCVEG_1kg,195.52,1,4,2018,First Inter-monsoon Season
Leeks_UPCVEG_1kg,218.75,1,4,2018,First Inter-monsoon Season
BeetRoot_UPCVEG_1kg,103.33,1,4,2018,First Inter-monsoon Season
Carrot_UPCVEG_1kg,142.78,1,4,2018,First Inter-monsoon Season
Green_Chillies_LCVEG_1kg,195.71,2,4,2018,First Inter-monsoon Season
Leeks_UPCVEG_1kg,216.22,2,4,2018,First Inter-monsoon Season
BeetRoot_UPCVEG_1kg,103.41,2,4,2018,First Inter-monsoon Season
Carrot_UPCVEG_1kg,143.41,2,4,2018,First Inter-monsoon Season
Green_Chillies_LCVEG_1kg,183.16,3,4,2018,First Inter-monsoon Season
Leeks_UPCVEG_1kg,226.29,3,4,2018,First Inter-monsoon Season
BeetRoot_UPCVEG_1kg,104.14,3,4,2018,First Inter-monsoon Season
Carrot_UPCVEG_1kg,153.79,3,4,2018,First Inter-monsoon Season
Green_Chillies_LCVEG_1kg,183.16,4,4,2018,First Inter-monsoon Season
Leeks_UPCVEG_1kg,229.71,4,4,2018,First Inter-monsoon Season
BeetRoot_UPCVEG_1kg,102.5,4,4,2018,First Inter-monsoon Season
Carrot_UPCVEG_1kg,161.78,4,4,2018,First Inter-monsoon Season
Green_Chillies_LCVEG_1kg,183.36,1,5,2018,South-West Monsoon Season
Leeks_UPCVEG_1kg,249.64,1,5,2018,South-West Monsoon Season
BeetRoot_UPCVEG_1kg,131.25,1,5,2018,South-West Monsoon Season
Carrot_UPCVEG_1kg,177.2,1,5,2018,South-West Monsoon Season
Green_Chillies_LCVEG_1kg,181.91,2,5,2018,South-West Monsoon Season
Leeks_UPCVEG_1kg,252.9,2,5,2018,South-West Monsoon Season
BeetRoot_UPCVEG_1kg,130.0,2,5,2018,South-West Monsoon Season
Carrot_UPCVEG_1kg,176.78,2,5,2018,South-West Monsoon Season
Green_Chillies_LCVEG_1kg,255.37,3,5,2018,South-West Monsoon Season
Leeks_UPCVEG_1kg,289.16,3,5,2018,South-West Monsoon Season
BeetRoot_UPCVEG_1kg,173.85,3,5,2018,South-West Monsoon Season
Carrot_UPCVEG_1kg,265.76,3,5,2018,South-West Monsoon Season
Green_Chillies_LCVEG_1kg,278.26,4,5,2018,South-West Monsoon Season
Leeks_UPCVEG_1kg,304.76,4,5,2018,South-West Monsoon Season
BeetRoot_UPCVEG_1kg,187.41,4,5,2018,South-West Monsoon Season
Carrot_UPCVEG_1kg,293.71,4,5,2018,South-West Monsoon Season
Green_Chillies_LCVEG_1kg,347.05,1,6,2018,South-West Monsoon Season
Leeks_UPCVEG_1kg,314.44,1,6,2018,South-West Monsoon Season
BeetRoot_UPCVEG_1kg,197.93,1,6,2018,South-West Monsoon Season
Carrot_UPCVEG_1kg,293.53,1,6,2018,South-West Monsoon Season
Green_Chillies_LCVEG_1kg,521.05,2,6,2018,South-West Monsoon Season
Leeks_UPCVEG_1kg,324.11,2,6,2018,South-West Monsoon Season
BeetRoot_UPCVEG_1kg,207.57,2,6,2018,South-West Monsoon Season
Carrot_UPCVEG_1kg,318.89,2,6,2018,South-West Monsoon Season
Green_Chillies_LCVEG_1kg,533.33,3,6,2018,South-West Monsoon Season
Leeks_UPCVEG_1kg,324.0,3,6,2018,South-West Monsoon Season
BeetRoot_UPCVEG_1kg,211.28,3,6,2018,South-West Monsoon Season
Carrot_UPCVEG_1kg,320.0,3,6,2018,South-West Monsoon Season
Green_Chillies_LCVEG_1kg,537.5,4,6,2018,South-West Monsoon Season
Leeks_UPCVEG_1kg,301.18,4,6,2018,South-West Monsoon Season
BeetRoot_UPCVEG_1kg,247.41,4,6,2018,South-West Monsoon Season
Carrot_UPCVEG_1kg,348.24,4,6,2018,South-West Monsoon Season
Green_Chillies_LCVEG_1kg,710.21,1,7,2018,South-West Monsoon Season
Leeks_UPCVEG_1kg,280.53,1,7,2018,South-West Monsoon Season
BeetRoot_UPCVEG_1kg,264.42,1,7,2018,South-West Monsoon Season
Carrot_UPCVEG_1kg,280.65,1,7,2018,South-West Monsoon Season
Green_Chillies_LCVEG_1kg,715.74,2,7,2018,South-West Monsoon Season
Leeks_UPCVEG_1kg,263.33,2,7,2018,South-West Monsoon Season
BeetRoot_UPCVEG_1kg,263.03,2,7,2018,South-West Monsoon Season
Carrot_UPCVEG_1kg,291.95,2,7,2018,South-West Monsoon Season
Green_Chillies_LCVEG_1kg,754.0,3,7,2018,South-West Monsoon Season
Leeks_UPCVEG_1kg,236.84,3,7,2018,South-West Monsoon Season
BeetRoot_UPCVEG_1kg,251.58,3,7,2018,South-West Monsoon Season
Carrot_UPCVEG_1kg,292.97,3,7,2018,South-West Monsoon Season
Green_Chillies_LCVEG_1kg,761.49,4,7,2018,South-West Monsoon Season
Leeks_UPCVEG_1kg,225.49,4,7,2018,South-West Monsoon Season
BeetRoot_UPCVEG_1kg,247.08,4,7,2018,South-West Monsoon Season
Carrot_UPCVEG_1kg,301.82,4,7,2018,South-West Monsoon Season
Green_Chillies_LCVEG_1kg,765.74,1,8,2018,South-West Monsoon Season
Leeks_UPCVEG_1kg,191.71,1,8,2018,South-West Monsoon Season
BeetRoot_UPCVEG_1kg,233.85,1,8,2018,South-West Monsoon Season
Carrot_UPCVEG_1kg,297.78,1,8,2018,South-West Monsoon Season
Green_Chillies_LCVEG_1kg,758.92,2,8,2018,South-West Monsoon Season
Leeks_UPCVEG_1kg,195.09,2,8,2018,South-West Monsoon Season
BeetRoot_UPCVEG_1kg,235.9,2,8,2018,South-West Monsoon Season
Carrot_UPCVEG_1kg,294.05,2,8,2018,South-West Monsoon Season
Green_Chillies_LCVEG_1kg,743.54,3,8,2018,South-West Monsoon Season
Leeks_UPCVEG_1kg,192.67,3,8,2018,South-West Monsoon Season
BeetRoot_UPCVEG_1kg,232.82,3,8,2018,South-West Monsoon Season
Carrot_UPCVEG_1kg,289.47,3,8,2018,South-West Monsoon Season
Green_Chillies_LCVEG_1kg,739.42,4,8,2018,South-West Monsoon Season
Leeks_UPCVEG_1kg,187.37,4,8,2018,South-West Monsoon Season
BeetRoot_UPCVEG_1kg,231.0,4,8,2018,South-West Monsoon Season
Carrot_UPCVEG_1kg,291.79,4,8,2018,South-West Monsoon Season
Green_Chillies_LCVEG_1kg,242.69,1,9,2018,South-West Monsoon Season
Leeks_UPCVEG_1kg,142.0,1,9,2018,South-West Monsoon Season
BeetRoot_UPCVEG_1kg,139.78,1,9,2018,South-West Monsoon Season
Carrot_UPCVEG_1kg,300.8,1,9,2018,South-West Monsoon Season
Green_Chillies_LCVEG_1kg,228.86,2,9,2018,South-West Monsoon Season
Leeks_UPCVEG_1kg,141.05,2,9,2018,South-West Monsoon Season
BeetRoot_UPCVEG_1kg,141.03,2,9,2018,South-West Monsoon Season
Carrot_UPCVEG_1kg,297.5,2,9,2018,South-West Monsoon Season
Green_Chillies_LCVEG_1kg,231.25,3,9,2018,South-West Monsoon Season
Leeks_UPCVEG_1kg,142.05,3,9,2018,South-West Monsoon Season
BeetRoot_UPCVEG_1kg,139.49,3,9,2018,South-West Monsoon Season
Carrot_UPCVEG_1kg,271.33,3,9,2018,South-West Monsoon Season
Green_Chillies_LCVEG_1kg,232.26,4,9,2018,South-West Monsoon Season
Leeks_UPCVEG_1kg,144.44,4,9,2018,South-West Monsoon Season
BeetRoot_UPCVEG_1kg,137.73,4,9,2018,South-West Monsoon Season
Carrot_UPCVEG_1kg,218.86,4,9,2018,South-West Monsoon Season
Green_Chillies_LCVEG_1kg,240.32,1,10,2018,Second Inter-monsoon Season
Leeks_UPCVEG_1kg,145.14,1,10,2018,Second Inter-monsoon Season
BeetRoot_UPCVEG_1kg,137.73,1,10,2018,Second Inter-monsoon Season
Carrot_UPCVEG_1kg,210.86,1,10,2018,Second Inter-monsoon Season
Green_Chillies_LCVEG_1kg,240.28,2,10,2018,Second Inter-monsoon Season
Leeks_UPCVEG_1kg,143.08,2,10,2018,Second Inter-monsoon Season
BeetRoot_UPCVEG_1kg,141.71,2,10,2018,Second Inter-monsoon Season
Carrot_UPCVEG_1kg,199.75,2,10,2018,Second Inter-monsoon Season
Green_Chillies_LCVEG_1kg,267.06,3,10,2018,Second Inter-monsoon Season
Leeks_UPCVEG_1kg,160.0,3,10,2018,Second Inter-monsoon Season
BeetRoot_UPCVEG_1kg,149.19,3,10,2018,Second Inter-monsoon Season
Carrot_UPCVEG_1kg,225.64,3,10,2018,Second Inter-monsoon Season
Green_Chillies_LCVEG_1kg,357.81,4,10,2018,Second Inter-monsoon Season
Leeks_UPCVEG_1kg,162.79,4,10,2018,Second Inter-monsoon Season
BeetRoot_UPCVEG_1kg,169.68,4,10,2018,Second Inter-monsoon Season
Carrot_UPCVEG_1kg,228.11,4,10,2018,Second Inter-monsoon Season
Green_Chillies_LCVEG_1kg,356.9,1,11,2018,Second Inter-monsoon Season
Leeks_UPCVEG_1kg,217.33,1,11,2018,Second Inter-monsoon Season
BeetRoot_UPCVEG_1kg,199.54,1,11,2018,Second Inter-monsoon Season
Carrot_UPCVEG_1kg,322.19,1,11,2018,Second Inter-monsoon Season
Green_Chillies_LCVEG_1kg,360.34,2,11,2018,Second Inter-monsoon Season
Leeks_UPCVEG_1kg,234.68,2,11,2018,Second Inter-monsoon Season
BeetRoot_UPCVEG_1kg,212.77,2,11,2018,Second Inter-monsoon Season
Carrot_UPCVEG_1kg,348.65,2,11,2018,Second Inter-monsoon Season
Green_Chillies_LCVEG_1kg,397.58,3,11,2018,Second Inter-monsoon Season
Leeks_UPCVEG_1kg,274.11,3,11,2018,Second Inter-monsoon Season
BeetRoot_UPCVEG_1kg,236.47,3,11,2018,Second Inter-monsoon Season
Carrot_UPCVEG_1kg,334.87,3,11,2018,Second Inter-monsoon Season
Green_Chillies_LCVEG_1kg,395.14,4,11,2018,Second Inter-monsoon Season
Leeks_UPCVEG_1kg,274.89,4,11,2018,Second Inter-monsoon Season
BeetRoot_UPCVEG_1kg,248.75,4,11,2018,Second Inter-monsoon Season
Carrot_UPCVEG_1kg,353.33,4,11,2018,Second Inter-monsoon Season
Green_Chillies_LCVEG_1kg,415.0,1,12,2018,North-East Monsoon Season
Leeks_UPCVEG_1kg,281.7,1,12,2018,North-East Monsoon Season
BeetRoot_UPCVEG_1kg,247.41,1,12,2018,North-East Monsoon Season
Carrot_UPCVEG_1kg,357.06,1,12,2018,North-East Monsoon Season
Green_Chillies_LCVEG_1kg,613.33,2,12,2018,North-East Monsoon Season
Leeks_UPCVEG_1kg,251.0,2,12,2018,North-East Monsoon Season
BeetRoot_UPCVEG_1kg,251.97,2,12,2018,North-East Monsoon Season
Carrot_UPCVEG_1kg,272.94,2,12,2018,North-East Monsoon Season
Green_Chillies_LCVEG_1kg,711.03,3,12,2018,North-East Monsoon Season
Leeks_UPCVEG_1kg,240.98,3,12,2018,North-East Monsoon Season
BeetRoot_UPCVEG_1kg,248.41,3,12,2018,North-East Monsoon Season
Carrot_UPCVEG_1kg,243.41,3,12,2018,North-East Monsoon Season
Green_Chillies_LCVEG_1kg,727.0,4,12,2018,North-East Monsoon Season
Leeks_UPCVEG_1kg,237.21,4,12,2018,North-East Monsoon Season
BeetRoot_UPCVEG_1kg,230.56,4,12,2018,North-East Monsoon Season
Carrot_UPCVEG_1kg,210.81,4,12,2018,North-East Monsoon Season
Green_Chillies_LCVEG_1kg,700.0,1,1,2019,North-East Monsoon Season
Leeks_UPCVEG_1kg,213.51,1,1,2019,North-East Monsoon Season
BeetRoot_UPCVEG_1kg,219.43,1,1,2019,North-East Monsoon Season
Carrot_UPCVEG_1kg,195.68,1,1,2019,North-East Monsoon Season
Green_Chillies_LCVEG_1kg,551.43,2,1,2019,North-East Monsoon Season
Leeks_UPCVEG_1kg,178.42,2,1,2019,North-East Monsoon Season
BeetRoot_UPCVEG_1kg,208.82,2,1,2019,North-East Monsoon Season
Carrot_UPCVEG_1kg,184.21,2,1,2019,North-East Monsoon Season
Green_Chillies_LCVEG_1kg,444.31,3,1,2019,North-East Monsoon Season
Leeks_UPCVEG_1kg,178.59,3,1,2019,North-East Monsoon Season
BeetRoot_UPCVEG_1kg,200.57,3,1,2019,North-East Monsoon Season
Carrot_UPCVEG_1kg,174.32,3,1,2019,North-East Monsoon Season
Green_Chillies_LCVEG_1kg,421.53,4,1,2019,North-East Monsoon Season
Leeks_UPCVEG_1kg,176.1,4,1,2019,North-East Monsoon Season
BeetRoot_UPCVEG_1kg,191.5,4,1,2019,North-East Monsoon Season
Carrot_UPCVEG_1kg,175.45,4,1,2019,North-East Monsoon Season
Green_Chillies_LCVEG_1kg,410.72,1,2,2019,North-East Monsoon Season
Leeks_UPCVEG_1kg,168.11,1,2,2019,North-East Monsoon Season
BeetRoot_UPCVEG_1kg,192.0,1,2,2019,North-East Monsoon Season
Carrot_UPCVEG_1kg,173.95,1,2,2019,North-East Monsoon Season
Green_Chillies_LCVEG_1kg,359.7,2,2,2019,North-East Monsoon Season
Leeks_UPCVEG_1kg,144.21,2,2,2019,North-East Monsoon Season
BeetRoot_UPCVEG_1kg,118.27,2,2,2019,North-East Monsoon Season
Carrot_UPCVEG_1kg,151.28,2,2,2019,North-East Monsoon Season
Green_Chillies_LCVEG_1kg,361.03,3,2,2019,North-East Monsoon Season
Leeks_UPCVEG_1kg,142.67,3,2,2019,North-East Monsoon Season
BeetRoot_UPCVEG_1kg,116.55,3,2,2019,North-East Monsoon Season
Carrot_UPCVEG_1kg,151.81,3,2,2019,North-East Monsoon Season
Green_Chillies_LCVEG_1kg,365.76,4,2,2019,North-East Monsoon Season
Leeks_UPCVEG_1kg,143.33,4,2,2019,North-East Monsoon Season
BeetRoot_UPCVEG_1kg,117.14,4,2,2019,North-East Monsoon Season
Carrot_UPCVEG_1kg,153.11,4,2,2019,North-East Monsoon Season
Green_Chillies_LCVEG_1kg,367.57,1,3,2019,First Inter-monsoon Season
Leeks_UPCVEG_1kg,138.38,1,3,2019,First Inter-monsoon Season
BeetRoot_UPCVEG_1kg,122.5,1,3,2019,First Inter-monsoon Season
Carrot_UPCVEG_1kg,147.03,1,3,2019,First Inter-monsoon Season
Green_Chillies_LCVEG_1kg,386.84,2,3,2019,First Inter-monsoon Season
Leeks_UPCVEG_1kg,141.62,2,3,2019,First Inter-monsoon Season
BeetRoot_UPCVEG_1kg,128.32,2,3,2019,First Inter-monsoon Season
Carrot_UPCVEG_1kg,148.83,2,3,2019,First Inter-monsoon Season
Green_Chillies_LCVEG_1kg,364.86,3,3,2019,First Inter-monsoon Season
Leeks_UPCVEG_1kg,136.67,3,3,2019,First Inter-monsoon Season
BeetRoot_UPCVEG_1kg,119.38,3,3,2019,First Inter-monsoon Season
Carrot_UPCVEG_1kg,144.46,3,3,2019,First Inter-monsoon Season
Green_Chillies_LCVEG_1kg,308.15,4,3,2019,First Inter-monsoon Season
Leeks_UPCVEG_1kg,136.11,4,3,2019,First Inter-monsoon Season
BeetRoot_UPCVEG_1kg,132.97,4,3,2019,First Inter-monsoon Season
Carrot_UPCVEG_1kg,144.0,4,3,2019,First Inter-monsoon Season
Green_Chillies_LCVEG_1kg,303.92,1,4,2019,First Inter-monsoon Season
Leeks_UPCVEG_1kg,143.08,1,4,2019,First Inter-monsoon Season
BeetRoot_UPCVEG_1kg,134.44,1,4,2019,First Inter-monsoon Season
Carrot_UPCVEG_1kg,151.49,1,4,2019,First Inter-monsoon Season
Green_Chillies_LCVEG_1kg,321.03,2,4,2019,First Inter-monsoon Season
Leeks_UPCVEG_1kg,142.56,2,4,2019,First Inter-monsoon Season
BeetRoot_UPCVEG_1kg,145.13,2,4,2019,First Inter-monsoon Season
Carrot_UPCVEG_1kg,149.95,2,4,2019,First Inter-monsoon Season
Green_Chillies_LCVEG_1kg,,3,4,2019,First Inter-monsoon Season
Leeks_UPCVEG_1kg,,3,4,2019,First Inter-monsoon Season
BeetRoot_UPCVEG_1kg,,3,4,2019,First Inter-monsoon Season
Carrot_UPCVEG_1kg,,3,4,2019,First Inter-monsoon Season
Green_Chillies_LCVEG_1kg,,4,4,2019,First Inter-monsoon Season
Leeks_UPCVEG_1kg,,4,4,2019,First Inter-monsoon Season
BeetRoot_UPCVEG_1kg,,4,4,2019,First Inter-monsoon Season
Carrot_UPCVEG_1kg,,4,4,2019,First Inter-monsoon Season
Green_Chillies_LCVEG_1kg,343.33,1,5,2019,South-West Monsoon Season
Leeks_UPCVEG_1kg,145.64,1,5,2019,South-West Monsoon Season
BeetRoot_UPCVEG_1kg,171.54,1,5,2019,South-West Monsoon Season
Carrot_UPCVEG_1kg,183.06,1,5,2019,South-West Monsoon Season
Green_Chillies_LCVEG_1kg,351.61,2,5,2019,South-West Monsoon Season
Leeks_UPCVEG_1kg,164.95,2,5,2019,South-West Monsoon Season
BeetRoot_UPCVEG_1kg,195.09,2,5,2019,South-West Monsoon Season
Carrot_UPCVEG_1kg,213.85,2,5,2019,South-West Monsoon Season
Green_Chillies_LCVEG_1kg,518.52,3,5,2019,South-West Monsoon Season
Leeks_UPCVEG_1kg,160.67,3,5,2019,South-West Monsoon Season
BeetRoot_UPCVEG_1kg,210.69,3,5,2019,South-West Monsoon Season
Carrot_UPCVEG_1kg,227.14,3,5,2019,South-West Monsoon Season
Green_Chillies_LCVEG_1kg,533.33,4,5,2019,South-West Monsoon Season
Leeks_UPCVEG_1kg,165.0,4,5,2019,South-West Monsoon Season
BeetRoot_UPCVEG_1kg,213.78,4,5,2019,South-West Monsoon Season
Carrot_UPCVEG_1kg,231.76,4,5,2019,South-West Monsoon Season
Green_Chillies_LCVEG_1kg,448.67,1,6,2019,South-West Monsoon Season
Leeks_UPCVEG_1kg,163.23,1,6,2019,South-West Monsoon Season
BeetRoot_UPCVEG_1kg,198.75,1,6,2019,South-West Monsoon Season
Carrot_UPCVEG_1kg,244.12,1,6,2019,South-West Monsoon Season
Green_Chillies_LCVEG_1kg,448.82,2,6,2019,South-West Monsoon Season
Leeks_UPCVEG_1kg,166.47,2,6,2019,South-West Monsoon Season
BeetRoot_UPCVEG_1kg,197.71,2,6,2019,South-West Monsoon Season
Carrot_UPCVEG_1kg,244.89,2,6,2019,South-West Monsoon Season
Green_Chillies_LCVEG_1kg,447.57,3,6,2019,South-West Monsoon Season
Leeks_UPCVEG_1kg,165.0,3,6,2019,South-West Monsoon Season
BeetRoot_UPCVEG_1kg,200.0,3,6,2019,South-West Monsoon Season
Carrot_UPCVEG_1kg,247.68,3,6,2019,South-West Monsoon Season
Green_Chillies_LCVEG_1kg,561.76,4,6,2019,South-West Monsoon Season
Leeks_UPCVEG_1kg,140.53,4,6,2019,South-West Monsoon Season
BeetRoot_UPCVEG_1kg,153.94,4,6,2019,South-West Monsoon Season
Carrot_UPCVEG_1kg,192.43,4,6,2019,South-West Monsoon Season
Green_Chillies_LCVEG_1kg,682.43,1,7,2019,South-West Monsoon Season
Leeks_UPCVEG_1kg,147.7,1,7,2019,South-West Monsoon Season
BeetRoot_UPCVEG_1kg,158.46,1,7,2019,South-West Monsoon Season
Carrot_UPCVEG_1kg,202.0,1,7,2019,South-West Monsoon Season
Green_Chillies_LCVEG_1kg,646.62,2,7,2019,South-West Monsoon Season
Leeks_UPCVEG_1kg,147.89,2,7,2019,South-West Monsoon Season
BeetRoot_UPCVEG_1kg,158.89,2,7,2019,South-West Monsoon Season
Carrot_UPCVEG_1kg,195.79,2,7,2019,South-West Monsoon Season
Green_Chillies_LCVEG_1kg,638.97,3,7,2019,South-West Monsoon Season
Leeks_UPCVEG_1kg,150.55,3,7,2019,South-West Monsoon Season
BeetRoot_UPCVEG_1kg,158.79,3,7,2019,South-West Monsoon Season
Carrot_UPCVEG_1kg,190.59,3,7,2019,South-West Monsoon Season
Green_Chillies_LCVEG_1kg,513.51,4,7,2019,South-West Monsoon Season
Leeks_UPCVEG_1kg,144.21,4,7,2019,South-West Monsoon Season
BeetRoot_UPCVEG_1kg,151.58,4,7,2019,South-West Monsoon Season
Carrot_UPCVEG_1kg,187.89,4,7,2019,South-West Monsoon Season
Green_Chillies_LCVEG_1kg,395.56,1,8,2019,South-West Monsoon Season
Leeks_UPCVEG_1kg,133.08,1,8,2019,South-West Monsoon Season
BeetRoot_UPCVEG_1kg,136.4,1,8,2019,South-West Monsoon Season
Carrot_UPCVEG_1kg,163.21,1,8,2019,South-West Monsoon Season
Green_Chillies_LCVEG_1kg,390.91,2,8,2019,South-West Monsoon Season
Leeks_UPCVEG_1kg,136.84,2,8,2019,South-West Monsoon Season
BeetRoot_UPCVEG_1kg,136.11,2,8,2019,South-West Monsoon Season
Carrot_UPCVEG_1kg,170.89,2,8,2019,South-West Monsoon Season
Green_Chillies_LCVEG_1kg,385.29,3,8,2019,South-West Monsoon Season
Leeks_UPCVEG_1kg,135.43,3,8,2019,South-West Monsoon Season
BeetRoot_UPCVEG_1kg,140.0,3,8,2019,South-West Monsoon Season
Carrot_UPCVEG_1kg,155.68,3,8,2019,South-West Monsoon Season
Green_Chillies_LCVEG_1kg,360.61,4,8,2019,South-West Monsoon Season
Leeks_UPCVEG_1kg,141.05,4,8,2019,South-West Monsoon Season
BeetRoot_UPCVEG_1kg,141.11,4,8,2019,South-West Monsoon Season
Carrot_UPCVEG_1kg,148.33,4,8,2019,South-West Monsoon Season
Green_Chillies_LCVEG_1kg,336.79,1,9,2019,South-West Monsoon Season
Leeks_UPCVEG_1kg,144.22,1,9,2019,South-West Monsoon Season
BeetRoot_UPCVEG_1kg,143.08,1,9,2019,South-West Monsoon Season
Carrot_UPCVEG_1kg,153.25,1,9,2019,South-West Monsoon Season
Green_Chillies_LCVEG_1kg,336.67,2,9,2019,South-West Monsoon Season
Leeks_UPCVEG_1kg,147.11,2,9,2019,South-West Monsoon Season
BeetRoot_UPCVEG_1kg,147.11,2,9,2019,South-West Monsoon Season
Carrot_UPCVEG_1kg,154.92,2,9,2019,South-West Monsoon Season
Green_Chillies_LCVEG_1kg,394.51,3,9,2019,South-West Monsoon Season
Leeks_UPCVEG_1kg,148.21,3,9,2019,South-West Monsoon Season
BeetRoot_UPCVEG_1kg,153.89,3,9,2019,South-West Monsoon Season
Carrot_UPCVEG_1kg,155.26,3,9,2019,South-West Monsoon Season
Green_Chillies_LCVEG_1kg,401.57,4,9,2019,South-West Monsoon Season
Leeks_UPCVEG_1kg,145.97,4,9,2019,South-West Monsoon Season
BeetRoot_UPCVEG_1kg,155.43,4,9,2019,South-West Monsoon Season
Carrot_UPCVEG_1kg,164.05,4,9,2019,South-West Monsoon Season
Green_Chillies_LCVEG_1kg,367.75,1,10,2019,Second Inter-monsoon Season
Leeks_UPCVEG_1kg,145.05,1,10,2019,Second Inter-monsoon Season
BeetRoot_UPCVEG_1kg,150.18,1,10,2019,Second Inter-monsoon Season
Carrot_UPCVEG_1kg,158.05,1,10,2019,Second Inter-monsoon Season
Green_Chillies_LCVEG_1kg,367.0,2,10,2019,Second Inter-monsoon Season
Leeks_UPCVEG_1kg,147.2,2,10,2019,Second Inter-monsoon Season
BeetRoot_UPCVEG_1kg,150.59,2,10,2019,Second Inter-monsoon Season
Carrot_UPCVEG_1kg,174.86,2,10,2019,Second Inter-monsoon Season
Green_Chillies_LCVEG_1kg,442.19,3,10,2019,Second Inter-monsoon Season
Leeks_UPCVEG_1kg,172.89,3,10,2019,Second Inter-monsoon Season
BeetRoot_UPCVEG_1kg,165.41,3,10,2019,Second Inter-monsoon Season
Carrot_UPCVEG_1kg,184.92,3,10,2019,Second Inter-monsoon Season
Green_Chillies_LCVEG_1kg,437.88,4,10,2019,Second Inter-monsoon Season
Leeks_UPCVEG_1kg,188.51,4,10,2019,Second Inter-monsoon Season
BeetRoot_UPCVEG_1kg,157.58,4,10,2019,Second Inter-monsoon Season
Carrot_UPCVEG_1kg,197.47,4,10,2019,Second Inter-monsoon Season
Green_Chillies_LCVEG_1kg,426.47,1,11,2019,Second Inter-monsoon Season
Leeks_UPCVEG_1kg,197.24,1,11,2019,Second Inter-monsoon Season
BeetRoot_UPCVEG_1kg,163.2,1,11,2019,Second Inter-monsoon Season
Carrot_UPCVEG_1kg,208.03,1,11,2019,Second Inter-monsoon Season
Green_Chillies_LCVEG_1kg,430.39,2,11,2019,Second Inter-monsoon Season
Leeks_UPCVEG_1kg,223.08,2,11,2019,Second Inter-monsoon Season
BeetRoot_UPCVEG_1kg,190.59,2,11,2019,Second Inter-monsoon Season
Carrot_UPCVEG_1kg,227.69,2,11,2019,Second Inter-monsoon Season
Green_Chillies_LCVEG_1kg,424.2,3,11,2019,Second Inter-monsoon Season
Leeks_UPCVEG_1kg,219.19,3,11,2019,Second Inter-monsoon Season
BeetRoot_UPCVEG_1kg,182.38,3,11,2019,Second Inter-monsoon Season
Carrot_UPCVEG_1kg,223.0,3,11,2019,Second Inter-monsoon Season
Green_Chillies_LCVEG_1kg,425.0,4,11,2019,Second Inter-monsoon Season
Leeks_UPCVEG_1kg,301.21,4,11,2019,Second Inter-monsoon Season
BeetRoot_UPCVEG_1kg,210.67,4,11,2019,Second Inter-monsoon Season
Carrot_UPCVEG_1kg,256.36,4,11,2019,Second Inter-monsoon Season
Green_Chillies_LCVEG_1kg,414.05,1,12,2019,North-East Monsoon Season
Leeks_UPCVEG_1kg,308.33,1,12,2019,North-East Monsoon Season
BeetRoot_UPCVEG_1kg,246.76,1,12,2019,North-East Monsoon Season
Carrot_UPCVEG_1kg,261.57,1,12,2019,North-East Monsoon Season
Green_Chillies_LCVEG_1kg,449.7,2,12,2019,North-East Monsoon Season
Leeks_UPCVEG_1kg,373.52,2,12,2019,North-East Monsoon Season
BeetRoot_UPCVEG_1kg,273.1,2,12,2019,North-East Monsoon Season
Carrot_UPCVEG_1kg,292.12,2,12,2019,North-East Monsoon Season
Green_Chillies_LCVEG_1kg,432.5,3,12,2019,North-East Monsoon Season
Leeks_UPCVEG_1kg,402.97,3,12,2019,North-East Monsoon Season
BeetRoot_UPCVEG_1kg,324.33,3,12,2019,North-East Monsoon Season
Carrot_UPCVEG_1kg,341.33,3,12,2019,North-East Monsoon Season
Green_Chillies_LCVEG_1kg,454.0,4,12,2019,North-East Monsoon Season
Leeks_UPCVEG_1kg,401.26,4,12,2019,North-East Monsoon Season
BeetRoot_UPCVEG_1kg,310.0,4,12,2019,North-East Monsoon Season
Carrot_UPCVEG_1kg,356.55,4,12,2019,North-East Monsoon Season
Green_Chillies_LCVEG_1kg,430.29,1,1,2020,North-East Monsoon Season
Leeks_UPCVEG_1kg,396.36,1,1,2020,North-East Monsoon Season
BeetRoot_UPCVEG_1kg,308.0,1,1,2020,North-East Monsoon Season
Carrot_UPCVEG_1kg,407.5,1,1,2020,North-East Monsoon Season
Green_Chillies_LCVEG_1kg,450.97,2,1,2020,North-East Monsoon Season
Leeks_UPCVEG_1kg,455.88,2,1,2020,North-East Monsoon Season
BeetRoot_UPCVEG_1kg,311.18,2,1,2020,North-East Monsoon Season
Carrot_UPCVEG_1kg,492.78,2,1,2020,North-East Monsoon Season
Green_Chillies_LCVEG_1kg,507.71,3,1,2020,North-East Monsoon Season
Leeks_UPCVEG_1kg,431.14,3,1,2020,North-East Monsoon Season
BeetRoot_UPCVEG_1kg,290.29,3,1,2020,North-East Monsoon Season
Carrot_UPCVEG_1kg,478.11,3,1,2020,North-East Monsoon Season
Green_Chillies_LCVEG_1kg,495.0,4,1,2020,North-East Monsoon Season
Leeks_UPCVEG_1kg,385.2,4,1,2020,North-East Monsoon Season
BeetRoot_UPCVEG_1kg,260.2,4,1,2020,North-East Monsoon Season
Carrot_UPCVEG_1kg,489.0,4,1,2020,North-East Monsoon Season
Green_Chillies_LCVEG_1kg,488.56,1,2,2020,North-East Monsoon Season
Leeks_UPCVEG_1kg,373.95,1,2,2020,North-East Monsoon Season
BeetRoot_UPCVEG_1kg,275.68,1,2,2020,North-East Monsoon Season
Carrot_UPCVEG_1kg,503.33,1,2,2020,North-East Monsoon Season
Green_Chillies_LCVEG_1kg,430.66,2,2,2020,North-East Monsoon Season
Leeks_UPCVEG_1kg,343.0,2,2,2020,North-East Monsoon Season
BeetRoot_UPCVEG_1kg,257.16,2,2,2020,North-East Monsoon Season
Carrot_UPCVEG_1kg,412.82,2,2,2020,North-East Monsoon Season
Green_Chillies_LCVEG_1kg,342.43,3,2,2020,North-East Monsoon Season
Leeks_UPCVEG_1kg,297.26,3,2,2020,North-East Monsoon Season
BeetRoot_UPCVEG_1kg,217.5,3,2,2020,North-East Monsoon Season
Carrot_UPCVEG_1kg,289.26,3,2,2020,North-East Monsoon Season
Green_Chillies_LCVEG_1kg,323.16,4,2,2020,North-East Monsoon Season
Leeks_UPCVEG_1kg,244.39,4,2,2020,North-East Monsoon Season
BeetRoot_UPCVEG_1kg,195.38,4,2,2020,North-East Monsoon Season
Carrot_UPCVEG_1kg,252.13,4,2,2020,North-East Monsoon Season
Green_Chillies_LCVEG_1kg,313.33,1,3,2020,First Inter-monsoon Season
Leeks_UPCVEG_1kg,204.84,1,3,2020,First Inter-monsoon Season
BeetRoot_UPCVEG_1kg,167.74,1,3,2020,First Inter-monsoon Season
Carrot_UPCVEG_1kg,224.41,1,3,2020,First Inter-monsoon Season
Green_Chillies_LCVEG_1kg,331.77,2,3,2020,First Inter-monsoon Season
Leeks_UPCVEG_1kg,205.16,2,3,2020,First Inter-monsoon Season
BeetRoot_UPCVEG_1kg,158.55,2,3,2020,First Inter-monsoon Season
Carrot_UPCVEG_1kg,232.44,2,3,2020,First Inter-monsoon Season
Green_Chillies_LCVEG_1kg,259.79,3,3,2020,First Inter-monsoon Season
Leeks_UPCVEG_1kg,194.67,3,3,2020,First Inter-monsoon Season
BeetRoot_UPCVEG_1kg,148.19,3,3,2020,First Inter-monsoon Season
Carrot_UPCVEG_1kg,193.11,3,3,2020,First Inter-monsoon Season
Green_Chillies_LCVEG_1kg,264.99,4,3,2020,First Inter-monsoon Season
Leeks_UPCVEG_1kg,199.32,4,3,2020,First Inter-monsoon Season
BeetRoot_UPCVEG_1kg,151.15,4,3,2020,First Inter-monsoon Season
Carrot_UPCVEG_1kg,220.0,4,3,2020,First Inter-monsoon Season
Green_Chillies_LCVEG_1kg,256.94,1,4,2020,First Inter-monsoon Season
Leeks_UPCVEG_1kg,212.47,1,4,2020,First Inter-monsoon Season
BeetRoot_UPCVEG_1kg,156.23,1,4,2020,First Inter-monsoon Season
Carrot_UPCVEG_1kg,220.0,1,4,2020,First Inter-monsoon Season
Green_Chillies_LCVEG_1kg,190.0,2,4,2020,First Inter-monsoon Season
Leeks_UPCVEG_1kg,218.53,2,4,2020,First Inter-monsoon Season
BeetRoot_UPCVEG_1kg,140.0,2,4,2020,First Inter-monsoon Season
Carrot_UPCVEG_1kg,220.0,2,4,2020,First Inter-monsoon Season
Green_Chillies_LCVEG_1kg,240.0,3,4,2020,First Inter-monsoon Season
Leeks_UPCVEG_1kg,180.0,3,4,2020,First Inter-monsoon Season
BeetRoot_UPCVEG_1kg,110.0,3,4,2020,First Inter-monsoon Season
Carrot_UPCVEG_1kg,220.0,3,4,2020,First Inter-monsoon Season
Green_Chillies_LCVEG_1kg,300.0,4,4,2020,First Inter-monsoon Season
Leeks_UPCVEG_1kg,160.0,4,4,2020,First Inter-monsoon Season
BeetRoot_UPCVEG_1kg,110.0,4,4,2020,First Inter-monsoon Season
Carrot_UPCVEG_1kg,191.65,4,4,2020,First Inter-monsoon Season
Green_Chillies_LCVEG_1kg,316.96,1,5,2020,South-West Monsoon Season
Leeks_UPCVEG_1kg,169.08,1,5,2020,South-West Monsoon Season
BeetRoot_UPCVEG_1kg,115.98,1,5,2020,South-West Monsoon Season
Carrot_UPCVEG_1kg,216.45,1,5,2020,South-West Monsoon Season
Green_Chillies_LCVEG_1kg,331.58,2,5,2020,South-West Monsoon Season
Leeks_UPCVEG_1kg,200.4,2,5,2020,South-West Monsoon Season
BeetRoot_UPCVEG_1kg,113.14,2,5,2020,South-West Monsoon Season
Carrot_UPCVEG_1kg,212.53,2,5,2020,South-West Monsoon Season
Green_Chillies_LCVEG_1kg,304.87,3,5,2020,South-West Monsoon Season
Leeks_UPCVEG_1kg,217.24,3,5,2020,South-West Monsoon Season
BeetRoot_UPCVEG_1kg,113.14,3,5,2020,South-West Monsoon Season
Carrot_UPCVEG_1kg,205.56,3,5,2020,South-West Monsoon Season
Green_Chillies_LCVEG_1kg,334.29,4,5,2020,South-West Monsoon Season
Leeks_UPCVEG_1kg,217.5,4,5,2020,South-West Monsoon Season
BeetRoot_UPCVEG_1kg,117.5,4,5,2020,South-West Monsoon Season
Carrot_UPCVEG_1kg,200.0,4,5,2020,South-West Monsoon Season
Green_Chillies_LCVEG_1kg,329.26,1,6,2020,South-West Monsoon Season
Leeks_UPCVEG_1kg,193.99,1,6,2020,South-West Monsoon Season
BeetRoot_UPCVEG_1kg,145.56,1,6,2020,South-West Monsoon Season
Carrot_UPCVEG_1kg,191.43,1,6,2020,South-West Monsoon Season
Green_Chillies_LCVEG_1kg,338.62,2,6,2020,South-West Monsoon Season
Leeks_UPCVEG_1kg,210.43,2,6,2020,South-West Monsoon Season
BeetRoot_UPCVEG_1kg,170.43,2,6,2020,South-West Monsoon Season
Carrot_UPCVEG_1kg,213.71,2,6,2020,South-West Monsoon Season
Green_Chillies_LCVEG_1kg,323.04,3,6,2020,South-West Monsoon Season
Leeks_UPCVEG_1kg,201.66,3,6,2020,South-West Monsoon Season
BeetRoot_UPCVEG_1kg,190.77,3,6,2020,South-West Monsoon Season
Carrot_UPCVEG_1kg,209.03,3,6,2020,South-West Monsoon Season
Green_Chillies_LCVEG_1kg,346.21,4,6,2020,South-West Monsoon Season
Leeks_UPCVEG_1kg,192.06,4,6,2020,South-West Monsoon Season
BeetRoot_UPCVEG_1kg,189.41,4,6,2020,South-West Monsoon Season
Carrot_UPCVEG_1kg,211.6,4,6,2020,South-West Monsoon Season
Green_Chillies_LCVEG_1kg,368.0,1,7,2020,South-West Monsoon Season
Leeks_UPCVEG_1kg,167.57,1,7,2020,South-West Monsoon Season
BeetRoot_UPCVEG_1kg,171.84,1,7,2020,South-West Monsoon Season
Carrot_UPCVEG_1kg,191.94,1,7,2020,South-West Monsoon Season
Green_Chillies_LCVEG_1kg,411.6,2,7,2020,South-West Monsoon Season
Leeks_UPCVEG_1kg,165.0,2,7,2020,South-West Monsoon Season
BeetRoot_UPCVEG_1kg,178.93,2,7,2020,South-West Monsoon Season
Carrot_UPCVEG_1kg,190.71,2,7,2020,South-West Monsoon Season
Green_Chillies_LCVEG_1kg,416.36,3,7,2020,South-West Monsoon Season
Leeks_UPCVEG_1kg,158.64,3,7,2020,South-West Monsoon Season
BeetRoot_UPCVEG_1kg,187.27,3,7,2020,South-West Monsoon Season
Carrot_UPCVEG_1kg,182.17,3,7,2020,South-West Monsoon Season
Green_Chillies_LCVEG_1kg,399.58,4,7,2020,South-West Monsoon Season
Leeks_UPCVEG_1kg,152.0,4,7,2020,South-West Monsoon Season
BeetRoot_UPCVEG_1kg,175.38,4,7,2020,South-West Monsoon Season
Carrot_UPCVEG_1kg,178.21,4,7,2020,South-West Monsoon Season
Green_Chillies_LCVEG_1kg,,1,8,2020,South-West Monsoon Season
Leeks_UPCVEG_1kg,,1,8,2020,South-West Monsoon Season
BeetRoot_UPCVEG_1kg,,1,8,2020,South-West Monsoon Season
Carrot_UPCVEG_1kg,,1,8,2020,South-West Monsoon Season
Green_Chillies_LCVEG_1kg,374.06,2,8,2020,South-West Monsoon Season
Leeks_UPCVEG_1kg,153.78,2,8,2020,South-West Monsoon Season
BeetRoot_UPCVEG_1kg,174.86,2,8,2020,South-West Monsoon Season
Carrot_UPCVEG_1kg,180.86,2,8,2020,South-West Monsoon Season
Green_Chillies_LCVEG_1kg,340.0,3,8,2020,South-West Monsoon Season
Leeks_UPCVEG_1kg,144.86,3,8,2020,South-West Monsoon Season
BeetRoot_UPCVEG_1kg,171.18,3,8,2020,South-West Monsoon Season
Carrot_UPCVEG_1kg,170.3,3,8,2020,South-West Monsoon Season
Green_Chillies_LCVEG_1kg,325.14,4,8,2020,South-West Monsoon Season
Leeks_UPCVEG_1kg,149.23,4,8,2020,South-West Monsoon Season
BeetRoot_UPCVEG_1kg,177.3,4,8,2020,South-West Monsoon Season
Carrot_UPCVEG_1kg,190.56,4,8,2020,South-West Monsoon Season
Green_Chillies_LCVEG_1kg,342.65,1,9,2020,South-West Monsoon Season
Leeks_UPCVEG_1kg,152.56,1,9,2020,South-West Monsoon Season
BeetRoot_UPCVEG_1kg,184.47,1,9,2020,South-West Monsoon Season
Carrot_UPCVEG_1kg,194.17,1,9,2020,South-West Monsoon Season
Green_Chillies_LCVEG_1kg,346.94,2,9,2020,South-West Monsoon Season
Leeks_UPCVEG_1kg,148.95,2,9,2020,South-West Monsoon Season
BeetRoot_UPCVEG_1kg,178.06,2,9,2020,South-West Monsoon Season
Carrot_UPCVEG_1kg,192.78,2,9,2020,South-West Monsoon Season
Green_Chillies_LCVEG_1kg,330.59,3,9,2020,South-West Monsoon Season
Leeks_UPCVEG_1kg,148.95,3,9,2020,South-West Monsoon Season
BeetRoot_UPCVEG_1kg,174.0,3,9,2020,South-West Monsoon Season
Carrot_UPCVEG_1kg,193.21,3,9,2020,South-West Monsoon Season
Green_Chillies_LCVEG_1kg,361.35,4,9,2020,South-West Monsoon Season
Leeks_UPCVEG_1kg,152.62,4,9,2020,South-West Monsoon Season
BeetRoot_UPCVEG_1kg,166.32,4,9,2020,South-West Monsoon Season
Carrot_UPCVEG_1kg,210.91,4,9,2020,South-West Monsoon Season
Green_Chillies_LCVEG_1kg,394.0,1,10,2020,Second Inter-monsoon Season
Leeks_UPCVEG_1kg,156.67,1,10,2020,Second Inter-monsoon Season
BeetRoot_UPCVEG_1kg,174.06,1,10,2020,Second Inter-monsoon Season
Carrot_UPCVEG_1kg,217.33,1,10,2020,Second Inter-monsoon Season
Green_Chillies_LCVEG_1kg,374.33,2,10,2020,Second Inter-monsoon Season
Leeks_UPCVEG_1kg,157.14,2,10,2020,Second Inter-monsoon Season
BeetRoot_UPCVEG_1kg,167.41,2,10,2020,Second Inter-monsoon Season
Carrot_UPCVEG_1kg,207.5,2,10,2020,Second Inter-monsoon Season
Green_Chillies_LCVEG_1kg,365.22,3,10,2020,Second Inter-monsoon Season
Leeks_UPCVEG_1kg,154.61,3,10,2020,Second Inter-monsoon Season
BeetRoot_UPCVEG_1kg,160.83,3,10,2020,Second Inter-monsoon Season
Carrot_UPCVEG_1kg,199.59,3,10,2020,Second Inter-monsoon Season
Green_Chillies_LCVEG_1kg,382.69,4,10,2020,Second Inter-monsoon Season
Leeks_UPCVEG_1kg,158.65,4,10,2020,Second Inter-monsoon Season
BeetRoot_UPCVEG_1kg,165.84,4,10,2020,Second Inter-monsoon Season
Carrot_UPCVEG_1kg,200.82,4,10,2020,Second Inter-monsoon Season
Green_Chillies_LCVEG_1kg,381.25,1,11,2020,Second Inter-monsoon Season
Leeks_UPCVEG_1kg,145.0,1,11,2020,Second Inter-monsoon Season
BeetRoot_UPCVEG_1kg,127.35,1,11,2020,Second Inter-monsoon Season
Carrot_UPCVEG_1kg,231.0,1,11,2020,Second Inter-monsoon Season
Green_Chillies_LCVEG_1kg,411.25,2,11,2020,Second Inter-monsoon Season
Leeks_UPCVEG_1kg,144.85,2,11,2020,Second Inter-monsoon Season
BeetRoot_UPCVEG_1kg,138.33,2,11,2020,Second Inter-monsoon Season
Carrot_UPCVEG_1kg,233.27,2,11,2020,Second Inter-monsoon Season
Green_Chillies_LCVEG_1kg,377.18,3,11,2020,Second Inter-monsoon Season
Leeks_UPCVEG_1kg,149.0,3,11,2020,Second Inter-monsoon Season
BeetRoot_UPCVEG_1kg,142.5,3,11,2020,Second Inter-monsoon Season
Carrot_UPCVEG_1kg,242.5,3,11,2020,Second Inter-monsoon Season
Green_Chillies_LCVEG_1kg,364.63,4,11,2020,Second Inter-monsoon Season
Leeks_UPCVEG_1kg,145.93,4,11,2020,Second Inter-monsoon Season
BeetRoot_UPCVEG_1kg,145.43,4,11,2020,Second Inter-monsoon Season
Carrot_UPCVEG_1kg,246.4,4,11,2020,Second Inter-monsoon Season
Green_Chillies_LCVEG_1kg,407.33,1,12,2020,North-East Monsoon Season
Leeks_UPCVEG_1kg,145.31,1,12,2020,North-East Monsoon Season
BeetRoot_UPCVEG_1kg,152.73,1,12,2020,North-East Monsoon Season
Carrot_UPCVEG_1kg,259.23,1,12,2020,North-East Monsoon Season
Green_Chillies_LCVEG_1kg,450.23,2,12,2020,North-East Monsoon Season
Leeks_UPCVEG_1kg,147.47,2,12,2020,North-East Monsoon Season
BeetRoot_UPCVEG_1kg,166.92,2,12,2020,North-East Monsoon Season
Carrot_UPCVEG_1kg,268.67,2,12,2020,North-East Monsoon Season
Green_Chillies_LCVEG_1kg,482.5,3,12,2020,North-East Monsoon Season
Leeks_UPCVEG_1kg,151.0,3,12,2020,North-East Monsoon Season
BeetRoot_UPCVEG_1kg,178.24,3,12,2020,North-East Monsoon Season
Carrot_UPCVEG_1kg,247.56,3,12,2020,North-East Monsoon Season
Green_Chillies_LCVEG_1kg,545.75,4,12,2020,North-East Monsoon Season
Leeks_UPCVEG_1kg,148.42,4,12,2020,North-East Monsoon Season
BeetRoot_UPCVEG_1kg,180.29,4,12,2020,North-East Monsoon Season
Carrot_UPCVEG_1kg,238.94,4,12,2020,North-East Monsoon Season
Green_Chillies_LCVEG_1kg,558.0,1,1,2021,North-East Monsoon Season
Leeks_UPCVEG_1kg,153.21,1,1,2021,North-East Monsoon Season
BeetRoot_UPCVEG_1kg,210.0,1,1,2021,North-East Monsoon Season
Carrot_UPCVEG_1kg,216.36,1,1,2021,North-East Monsoon Season
Green_Chillies_LCVEG_1kg,751.0,2,1,2021,North-East Monsoon Season
Leeks_UPCVEG_1kg,152.5,2,1,2021,North-East Monsoon Season
BeetRoot_UPCVEG_1kg,215.42,2,1,2021,North-East Monsoon Season
Carrot_UPCVEG_1kg,202.8,2,1,2021,North-East Monsoon Season
Green_Chillies_LCVEG_1kg,780.0,3,1,2021,North-East Monsoon Season
Leeks_UPCVEG_1kg,145.91,3,1,2021,North-East Monsoon Season
BeetRoot_UPCVEG_1kg,227.89,3,1,2021,North-East Monsoon Season
Carrot_UPCVEG_1kg,204.26,3,1,2021,North-East Monsoon Season
Green_Chillies_LCVEG_1kg,919.44,4,1,2021,North-East Monsoon Season
Leeks_UPCVEG_1kg,161.26,4,1,2021,North-East Monsoon Season
BeetRoot_UPCVEG_1kg,255.78,4,1,2021,North-East Monsoon Season
Carrot_UPCVEG_1kg,219.72,4,1,2021,North-East Monsoon Season
Green_Chillies_LCVEG_1kg,997.64,1,2,2021,North-East Monsoon Season
Leeks_UPCVEG_1kg,196.68,1,2,2021,North-East Monsoon Season
BeetRoot_UPCVEG_1kg,304.67,1,2,2021,North-East Monsoon Season
Carrot_UPCVEG_1kg,225.26,1,2,2021,North-East Monsoon Season
Green_Chillies_LCVEG_1kg,781.9,2,2,2021,North-East Monsoon Season
Leeks_UPCVEG_1kg,192.85,2,2,2021,North-East Monsoon Season
BeetRoot_UPCVEG_1kg,276.5,2,2,2021,North-East Monsoon Season
Carrot_UPCVEG_1kg,221.0,2,2,2021,North-East Monsoon Season
Green_Chillies_LCVEG_1kg,767.41,3,2,2021,North-East Monsoon Season
Leeks_UPCVEG_1kg,200.68,3,2,2021,North-East Monsoon Season
BeetRoot_UPCVEG_1kg,275.22,3,2,2021,North-East Monsoon Season
Carrot_UPCVEG_1kg,212.8,3,2,2021,North-East Monsoon Season
Green_Chillies_LCVEG_1kg,634.29,4,2,2021,North-East Monsoon Season
Leeks_UPCVEG_1kg,194.36,4,2,2021,North-East Monsoon Season
BeetRoot_UPCVEG_1kg,236.51,4,2,2021,North-East Monsoon Season
Carrot_UPCVEG_1kg,215.0,4,2,2021,North-East Monsoon Season
Green_Chillies_LCVEG_1kg,471.43,1,3,2021,First Inter-monsoon Season
Leeks_UPCVEG_1kg,196.36,1,3,2021,First Inter-monsoon Season
BeetRoot_UPCVEG_1kg,204.0,1,3,2021,First Inter-monsoon Season
Carrot_UPCVEG_1kg,228.18,1,3,2021,First Inter-monsoon Season
Green_Chillies_LCVEG_1kg,437.04,2,3,2021,First Inter-monsoon Season
Leeks_UPCVEG_1kg,180.0,2,3,2021,First Inter-monsoon Season
BeetRoot_UPCVEG_1kg,182.22,2,3,2021,First Inter-monsoon Season
Carrot_UPCVEG_1kg,226.36,2,3,2021,First Inter-monsoon Season
Green_Chillies_LCVEG_1kg,360.08,3,3,2021,First Inter-monsoon Season
Leeks_UPCVEG_1kg,178.21,3,3,2021,First Inter-monsoon Season
BeetRoot_UPCVEG_1kg,170.43,3,3,2021,First Inter-monsoon Season
Carrot_UPCVEG_1kg,226.52,3,3,2021,First Inter-monsoon Season
Green_Chillies_LCVEG_1kg,357.58,4,3,2021,First Inter-monsoon Season
Leeks_UPCVEG_1kg,172.5,4,3,2021,First Inter-monsoon Season
BeetRoot_UPCVEG_1kg,170.77,4,3,2021,First Inter-monsoon Season
Carrot_UPCVEG_1kg,218.89,4,3,2021,First Inter-monsoon Season
Green_Chillies_LCVEG_1kg,356.37,1,4,2021,First Inter-monsoon Season
Leeks_UPCVEG_1kg,158.57,1,4,2021,First Inter-monsoon Season
BeetRoot_UPCVEG_1kg,159.5,1,4,2021,First Inter-monsoon Season
Carrot_UPCVEG_1kg,200.43,1,4,2021,First Inter-monsoon Season
Green_Chillies_LCVEG_1kg,,2,4,2021,First Inter-monsoon Season
Leeks_UPCVEG_1kg,,2,4,2021,First Inter-monsoon Season
BeetRoot_UPCVEG_1kg,,2,4,2021,First Inter-monsoon Season
Carrot_UPCVEG_1kg,,2,4,2021,First Inter-monsoon Season
Green_Chillies_LCVEG_1kg,364.2,3,4,2021,First Inter-monsoon Season
Leeks_UPCVEG_1kg,152.17,3,4,2021,First Inter-monsoon Season
BeetRoot_UPCVEG_1kg,160.42,3,4,2021,First Inter-monsoon Season
Carrot_UPCVEG_1kg,202.4,3,4,2021,First Inter-monsoon Season
Green_Chillies_LCVEG_1kg,327.69,4,4,2021,First Inter-monsoon Season
Leeks_UPCVEG_1kg,141.9,4,4,2021,First Inter-monsoon Season
BeetRoot_UPCVEG_1kg,159.58,4,4,2021,First Inter-monsoon Season
Carrot_UPCVEG_1kg,210.4,4,4,2021,First Inter-monsoon Season
Green_Chillies_LCVEG_1kg,307.5,1,5,2021,South-West Monsoon Season
Leeks_UPCVEG_1kg,145.56,1,5,2021,South-West Monsoon Season
BeetRoot_UPCVEG_1kg,148.42,1,5,2021,South-West Monsoon Season
Carrot_UPCVEG_1kg,201.11,1,5,2021,South-West Monsoon Season
Green_Chillies_LCVEG_1kg,288.64,2,5,2021,South-West Monsoon Season
Leeks_UPCVEG_1kg,154.0,2,5,2021,South-West Monsoon Season
BeetRoot_UPCVEG_1kg,152.17,2,5,2021,South-West Monsoon Season
Carrot_UPCVEG_1kg,188.74,2,5,2021,South-West Monsoon Season
Green_Chillies_LCVEG_1kg,368.64,3,5,2021,South-West Monsoon Season
Leeks_UPCVEG_1kg,187.14,3,5,2021,South-West Monsoon Season
BeetRoot_UPCVEG_1kg,188.64,3,5,2021,South-West Monsoon Season
Carrot_UPCVEG_1kg,233.18,3,5,2021,South-West Monsoon Season
Green_Chillies_LCVEG_1kg,372.86,4,5,2021,South-West Monsoon Season
Leeks_UPCVEG_1kg,196.84,4,5,2021,South-West Monsoon Season
BeetRoot_UPCVEG_1kg,194.0,4,5,2021,South-West Monsoon Season
Carrot_UPCVEG_1kg,241.0,4,5,2021,South-West Monsoon Season
Green_Chillies_LCVEG_1kg,365.91,1,6,2021,South-West Monsoon Season
Leeks_UPCVEG_1kg,197.0,1,6,2021,South-West Monsoon Season
BeetRoot_UPCVEG_1kg,190.0,1,6,2021,South-West Monsoon Season
Carrot_UPCVEG_1kg,237.86,1,6,2021,South-West Monsoon Season
Green_Chillies_LCVEG_1kg,388.75,2,6,2021,South-West Monsoon Season
Leeks_UPCVEG_1kg,211.82,2,6,2021,South-West Monsoon Season
BeetRoot_UPCVEG_1kg,205.0,2,6,2021,South-West Monsoon Season
Carrot_UPCVEG_1kg,247.22,2,6,2021,South-West Monsoon Season
Green_Chillies_LCVEG_1kg,396.92,3,6,2021,South-West Monsoon Season
Leeks_UPCVEG_1kg,217.27,3,6,2021,South-West Monsoon Season
BeetRoot_UPCVEG_1kg,210.0,3,6,2021,South-West Monsoon Season
Carrot_UPCVEG_1kg,245.88,3,6,2021,South-West Monsoon Season
Green_Chillies_LCVEG_1kg,435.6,4,6,2021,South-West Monsoon Season
Leeks_UPCVEG_1kg,258.5,4,6,2021,South-West Monsoon Season
BeetRoot_UPCVEG_1kg,241.76,4,6,2021,South-West Monsoon Season
Carrot_UPCVEG_1kg,250.56,4,6,2021,South-West Monsoon Season
Green_Chillies_LCVEG_1kg,410.95,1,7,2021,South-West Monsoon Season
Leeks_UPCVEG_1kg,228.5,1,7,2021,South-West Monsoon Season
BeetRoot_UPCVEG_1kg,188.18,1,7,2021,South-West Monsoon Season
Carrot_UPCVEG_1kg,209.52,1,7,2021,South-West Monsoon Season
Green_Chillies_LCVEG_1kg,396.1,2,7,2021,South-West Monsoon Season
Leeks_UPCVEG_1kg,230.5,2,7,2021,South-West Monsoon Season
BeetRoot_UPCVEG_1kg,198.64,2,7,2021,South-West Monsoon Season
Carrot_UPCVEG_1kg,190.5,2,7,2021,South-West Monsoon Season
Green_Chillies_LCVEG_1kg,420.63,3,7,2021,South-West Monsoon Season
Leeks_UPCVEG_1kg,246.84,3,7,2021,South-West Monsoon Season
BeetRoot_UPCVEG_1kg,205.05,3,7,2021,South-West Monsoon Season
Carrot_UPCVEG_1kg,201.88,3,7,2021,South-West Monsoon Season
Green_Chillies_LCVEG_1kg,371.43,4,7,2021,South-West Monsoon Season
Leeks_UPCVEG_1kg,270.0,4,7,2021,South-West Monsoon Season
BeetRoot_UPCVEG_1kg,225.22,4,7,2021,South-West Monsoon Season
Carrot_UPCVEG_1kg,201.05,4,7,2021,South-West Monsoon Season
Green_Chillies_LCVEG_1kg,387.37,1,8,2021,South-West Monsoon Season
Leeks_UPCVEG_1kg,277.09,1,8,2021,South-West Monsoon Season
BeetRoot_UPCVEG_1kg,200.53,1,8,2021,South-West Monsoon Season
Carrot_UPCVEG_1kg,200.84,1,8,2021,South-West Monsoon Season
Green_Chillies_LCVEG_1kg,384.8,2,8,2021,South-West Monsoon Season
Leeks_UPCVEG_1kg,272.55,2,8,2021,South-West Monsoon Season
BeetRoot_UPCVEG_1kg,192.94,2,8,2021,South-West Monsoon Season
Carrot_UPCVEG_1kg,204.0,2,8,2021,South-West Monsoon Season
Green_Chillies_LCVEG_1kg,368.92,3,8,2021,South-West Monsoon Season
Leeks_UPCVEG_1kg,274.6,3,8,2021,South-West Monsoon Season
BeetRoot_UPCVEG_1kg,180.77,3,8,2021,South-West Monsoon Season
Carrot_UPCVEG_1kg,202.14,3,8,2021,South-West Monsoon Season
Green_Chillies_LCVEG_1kg,366.0,4,8,2021,South-West Monsoon Season
Leeks_UPCVEG_1kg,241.0,4,8,2021,South-West Monsoon Season
BeetRoot_UPCVEG_1kg,178.57,4,8,2021,South-West Monsoon Season
Carrot_UPCVEG_1kg,187.86,4,8,2021,South-West Monsoon Season
Green_Chillies_LCVEG_1kg,342.86,1,9,2021,South-West Monsoon Season
Leeks_UPCVEG_1kg,241.0,1,9,2021,South-West Monsoon Season
BeetRoot_UPCVEG_1kg,138.33,1,9,2021,South-West Monsoon Season
Carrot_UPCVEG_1kg,190.0,1,9,2021,South-West Monsoon Season
Green_Chillies_LCVEG_1kg,329.43,2,9,2021,South-West Monsoon Season
Leeks_UPCVEG_1kg,239.29,2,9,2021,South-West Monsoon Season
BeetRoot_UPCVEG_1kg,146.15,2,9,2021,South-West Monsoon Season
Carrot_UPCVEG_1kg,169.41,2,9,2021,South-West Monsoon Season
Green_Chillies_LCVEG_1kg,329.83,3,9,2021,South-West Monsoon Season
Leeks_UPCVEG_1kg,228.46,3,9,2021,South-West Monsoon Season
BeetRoot_UPCVEG_1kg,141.54,3,9,2021,South-West Monsoon Season
Carrot_UPCVEG_1kg,168.13,3,9,2021,South-West Monsoon Season
Green_Chillies_LCVEG_1kg,307.67,4,9,2021,South-West Monsoon Season
Leeks_UPCVEG_1kg,207.78,4,9,2021,South-West Monsoon Season
BeetRoot_UPCVEG_1kg,145.0,4,9,2021,South-West Monsoon Season
Carrot_UPCVEG_1kg,178.89,4,9,2021,South-West Monsoon Season
Green_Chillies_LCVEG_1kg,296.6,1,10,2021,Second Inter-monsoon Season
Leeks_UPCVEG_1kg,227.5,1,10,2021,Second Inter-monsoon Season
BeetRoot_UPCVEG_1kg,152.59,1,10,2021,Second Inter-monsoon Season
Carrot_UPCVEG_1kg,189.55,1,10,2021,Second Inter-monsoon Season
Green_Chillies_LCVEG_1kg,324.87,2,10,2021,Second Inter-monsoon Season
Leeks_UPCVEG_1kg,247.6,2,10,2021,Second Inter-monsoon Season
BeetRoot_UPCVEG_1kg,155.36,2,10,2021,Second Inter-monsoon Season
Carrot_UPCVEG_1kg,200.36,2,10,2021,Second Inter-monsoon Season
Green_Chillies_LCVEG_1kg,350.0,3,10,2021,Second Inter-monsoon Season
Leeks_UPCVEG_1kg,264.04,3,10,2021,Second Inter-monsoon Season
BeetRoot_UPCVEG_1kg,140.91,3,10,2021,Second Inter-monsoon Season
Carrot_UPCVEG_1kg,189.91,3,10,2021,Second Inter-monsoon Season
Green_Chillies_LCVEG_1kg,330.0,4,10,2021,Second Inter-monsoon Season
Leeks_UPCVEG_1kg,268.18,4,10,2021,Second Inter-monsoon Season
BeetRoot_UPCVEG_1kg,148.64,4,10,2021,Second Inter-monsoon Season
Carrot_UPCVEG_1kg,199.05,4,10,2021,Second Inter-monsoon Season
Green_Chillies_LCVEG_1kg,345.0,1,11,2021,Second Inter-monsoon Season
Leeks_UPCVEG_1kg,270.0,1,11,2021,Second Inter-monsoon Season
BeetRoot_UPCVEG_1kg,156.97,1,11,2021,Second Inter-monsoon Season
Carrot_UPCVEG_1kg,222.86,1,11,2021,Second Inter-monsoon Season
Green_Chillies_LCVEG_1kg,359.29,2,11,2021,Second Inter-monsoon Season
Leeks_UPCVEG_1kg,287.08,2,11,2021,Second Inter-monsoon Season
BeetRoot_UPCVEG_1kg,167.24,2,11,2021,Second Inter-monsoon Season
Carrot_UPCVEG_1kg,254.29,2,11,2021,Second Inter-monsoon Season
Green_Chillies_LCVEG_1kg,361.61,3,11,2021,Second Inter-monsoon Season
Leeks_UPCVEG_1kg,337.19,3,11,2021,Second Inter-monsoon Season
BeetRoot_UPCVEG_1kg,183.79,3,11,2021,Second Inter-monsoon Season
Carrot_UPCVEG_1kg,338.33,3,11,2021,Second Inter-monsoon Season
Green_Chillies_LCVEG_1kg,369.23,4,11,2021,Second Inter-monsoon Season
Leeks_UPCVEG_1kg,421.25,4,11,2021,Second Inter-monsoon Season
BeetRoot_UPCVEG_1kg,207.5,4,11,2021,Second Inter-monsoon Season
Carrot_UPCVEG_1kg,405.91,4,11,2021,Second Inter-monsoon Season
Green_Chillies_LCVEG_1kg,720.75,1,12,2021,North-East Monsoon Season
Leeks_UPCVEG_1kg,402.48,1,12,2021,North-East Monsoon Season
BeetRoot_UPCVEG_1kg,298.26,1,12,2021,North-East Monsoon Season
Carrot_UPCVEG_1kg,390.07,1,12,2021,North-East Monsoon Season
Green_Chillies_LCVEG_1kg,919.05,2,12,2021,North-East Monsoon Season
Leeks_UPCVEG_1kg,438.04,2,12,2021,North-East Monsoon Season
BeetRoot_UPCVEG_1kg,373.33,2,12,2021,North-East Monsoon Season
Carrot_UPCVEG_1kg,495.83,2,12,2021,North-East Monsoon Season
Green_Chillies_LCVEG_1kg,1003.18,3,12,2021,North-East Monsoon Season
Leeks_UPCVEG_1kg,414.29,3,12,2021,North-East Monsoon Season
BeetRoot_UPCVEG_1kg,446.67,3,12,2021,North-East Monsoon Season
Carrot_UPCVEG_1kg,482.73,3,12,2021,North-East Monsoon Season
Green_Chillies_LCVEG_1kg,1083.33,4,12,2021,North-East Monsoon Season
Leeks_UPCVEG_1kg,412.5,4,12,2021,North-East Monsoon Season
BeetRoot_UPCVEG_1kg,491.67,4,12,2021,North-East Monsoon Season
Carrot_UPCVEG_1kg,501.82,4,12,2021,North-East Monsoon Season
Green_Chillies_LCVEG_1kg,1130.65,1,1,2022,North-East Monsoon Season
Leeks_UPCVEG_1kg,378.57,1,1,2022,North-East Monsoon Season
BeetRoot_UPCVEG_1kg,504.62,1,1,2022,North-East Monsoon Season
Carrot_UPCVEG_1kg,499.67,1,1,2022,North-East Monsoon Season
Green_Chillies_LCVEG_1kg,1005.24,2,1,2022,North-East Monsoon Season
Leeks_UPCVEG_1kg,358.62,2,1,2022,North-East Monsoon Season
BeetRoot_UPCVEG_1kg,508.15,2,1,2022,North-East Monsoon Season
Carrot_UPCVEG_1kg,466.09,2,1,2022,North-East Monsoon Season
Green_Chillies_LCVEG_1kg,837.62,3,1,2022,North-East Monsoon Season
Leeks_UPCVEG_1kg,331.36,3,1,2022,North-East Monsoon Season
BeetRoot_UPCVEG_1kg,504.78,3,1,2022,North-East Monsoon Season
Carrot_UPCVEG_1kg,467.77,3,1,2022,North-East Monsoon Season
Green_Chillies_LCVEG_1kg,668.18,4,1,2022,North-East Monsoon Season
Leeks_UPCVEG_1kg,326.0,4,1,2022,North-East Monsoon Season
BeetRoot_UPCVEG_1kg,507.86,4,1,2022,North-East Monsoon Season
Carrot_UPCVEG_1kg,463.03,4,1,2022,North-East Monsoon Season
Green_Chillies_LCVEG_1kg,685.71,1,2,2022,North-East Monsoon Season
Leeks_UPCVEG_1kg,299.26,1,2,2022,North-East Monsoon Season
BeetRoot_UPCVEG_1kg,508.28,1,2,2022,North-East Monsoon Season
Carrot_UPCVEG_1kg,469.0,1,2,2022,North-East Monsoon Season
Green_Chillies_LCVEG_1kg,701.85,2,2,2022,North-East Monsoon Season
Leeks_UPCVEG_1kg,256.86,2,2,2022,North-East Monsoon Season
BeetRoot_UPCVEG_1kg,461.67,2,2,2022,North-East Monsoon Season
Carrot_UPCVEG_1kg,487.29,2,2,2022,North-East Monsoon Season
Green_Chillies_LCVEG_1kg,823.79,3,2,2022,North-East Monsoon Season
Leeks_UPCVEG_1kg,242.07,3,2,2022,North-East Monsoon Season
BeetRoot_UPCVEG_1kg,372.14,3,2,2022,North-East Monsoon Season
Carrot_UPCVEG_1kg,533.46,3,2,2022,North-East Monsoon Season
Green_Chillies_LCVEG_1kg,702.58,4,2,2022,North-East Monsoon Season
Leeks_UPCVEG_1kg,216.25,4,2,2022,North-East Monsoon Season
BeetRoot_UPCVEG_1kg,326.25,4,2,2022,North-East Monsoon Season
Carrot_UPCVEG_1kg,441.25,4,2,2022,North-East Monsoon Season
Green_Chillies_LCVEG_1kg,620.94,1,3,2022,First Inter-monsoon Season
Leeks_UPCVEG_1kg,209.39,1,3,2022,First Inter-monsoon Season
BeetRoot_UPCVEG_1kg,294.38,1,3,2022,First Inter-monsoon Season
Carrot_UPCVEG_1kg,411.18,1,3,2022,First Inter-monsoon Season
Green_Chillies_LCVEG_1kg,581.29,2,3,2022,First Inter-monsoon Season
Leeks_UPCVEG_1kg,207.74,2,3,2022,First Inter-monsoon Season
BeetRoot_UPCVEG_1kg,280.63,2,3,2022,First Inter-monsoon Season
Carrot_UPCVEG_1kg,377.42,2,3,2022,First Inter-monsoon Season
Green_Chillies_LCVEG_1kg,581.67,3,3,2022,First Inter-monsoon Season
Leeks_UPCVEG_1kg,206.56,3,3,2022,First Inter-monsoon Season
BeetRoot_UPCVEG_1kg,228.0,3,3,2022,First Inter-monsoon Season
Carrot_UPCVEG_1kg,338.62,3,3,2022,First Inter-monsoon Season
Green_Chillies_LCVEG_1kg,567.14,4,3,2022,First Inter-monsoon Season
Leeks_UPCVEG_1kg,197.04,4,3,2022,First Inter-monsoon Season
BeetRoot_UPCVEG_1kg,217.04,4,3,2022,First Inter-monsoon Season
Carrot_UPCVEG_1kg,298.46,4,3,2022,First Inter-monsoon Season
Green_Chillies_LCVEG_1kg,642.0,1,4,2022,First Inter-monsoon Season
Leeks_UPCVEG_1kg,222.41,1,4,2022,First Inter-monsoon Season
BeetRoot_UPCVEG_1kg,236.67,1,4,2022,First Inter-monsoon Season
Carrot_UPCVEG_1kg,285.16,1,4,2022,First Inter-monsoon Season
Green_Chillies_LCVEG_1kg,,2,4,2022,First Inter-monsoon Season
Leeks_UPCVEG_1kg,,2,4,2022,First Inter-monsoon Season
BeetRoot_UPCVEG_1kg,,2,4,2022,First Inter-monsoon Season
Carrot_UPCVEG_1kg,,2,4,2022,First Inter-monsoon Season
Green_Chillies_LCVEG_1kg,706.36,3,4,2022,First Inter-monsoon Season
Leeks_UPCVEG_1kg,234.55,3,4,2022,First Inter-monsoon Season
BeetRoot_UPCVEG_1kg,248.57,3,4,2022,First Inter-monsoon Season
Carrot_UPCVEG_1kg,260.48,3,4,2022,First Inter-monsoon Season
Green_Chillies_LCVEG_1kg,483.7,4,4,2022,First Inter-monsoon Season
Leeks_UPCVEG_1kg,204.29,4,4,2022,First Inter-monsoon Season
BeetRoot_UPCVEG_1kg,246.67,4,4,2022,First Inter-monsoon Season
Carrot_UPCVEG_1kg,209.29,4,4,2022,First Inter-monsoon Season
Green_Chillies_LCVEG_1kg,486.67,1,5,2022,South-West Monsoon Season
Leeks_UPCVEG_1kg,232.4,1,5,2022,South-West Monsoon Season
BeetRoot_UPCVEG_1kg,314.4,1,5,2022,South-West Monsoon Season
Carrot_UPCVEG_1kg,252.0,1,5,2022,South-West Monsoon Season
Green_Chillies_LCVEG_1kg,,2,5,2022,South-West Monsoon Season
Leeks_UPCVEG_1kg,,2,5,2022,South-West Monsoon Season
BeetRoot_UPCVEG_1kg,,2,5,2022,South-West Monsoon Season
Carrot_UPCVEG_1kg,,2,5,2022,South-West Monsoon Season
Green_Chillies_LCVEG_1kg,683.0,3,5,2022,South-West Monsoon Season
Leeks_UPCVEG_1kg,293.0,3,5,2022,South-West Monsoon Season
BeetRoot_UPCVEG_1kg,407.5,3,5,2022,South-West Monsoon Season
Carrot_UPCVEG_1kg,401.58,3,5,2022,South-West Monsoon Season
Green_Chillies_LCVEG_1kg,641.36,4,5,2022,South-West Monsoon Season
Leeks_UPCVEG_1kg,365.45,4,5,2022,South-West Monsoon Season
BeetRoot_UPCVEG_1kg,482.5,4,5,2022,South-West Monsoon Season
Carrot_UPCVEG_1kg,435.22,4,5,2022,South-West Monsoon Season
Green_Chillies_LCVEG_1kg,694.0,1,6,2022,South-West Monsoon Season
Leeks_UPCVEG_1kg,377.73,1,6,2022,South-West Monsoon Season
BeetRoot_UPCVEG_1kg,502.22,1,6,2022,South-West Monsoon Season
Carrot_UPCVEG_1kg,456.19,1,6,2022,South-West Monsoon Season
Green_Chillies_LCVEG_1kg,813.18,2,6,2022,South-West Monsoon Season
Leeks_UPCVEG_1kg,386.5,2,6,2022,South-West Monsoon Season
BeetRoot_UPCVEG_1kg,518.89,2,6,2022,South-West Monsoon Season
Carrot_UPCVEG_1kg,459.52,2,6,2022,South-West Monsoon Season
Green_Chillies_LCVEG_1kg,839.0,3,6,2022,South-West Monsoon Season
Leeks_UPCVEG_1kg,361.74,3,6,2022,South-West Monsoon Season
BeetRoot_UPCVEG_1kg,503.53,3,6,2022,South-West Monsoon Season
Carrot_UPCVEG_1kg,456.25,3,6,2022,South-West Monsoon Season
Green_Chillies_LCVEG_1kg,836.25,4,6,2022,South-West Monsoon Season
Leeks_UPCVEG_1kg,374.44,4,6,2022,South-West Monsoon Season
BeetRoot_UPCVEG_1kg,461.05,4,6,2022,South-West Monsoon Season
Carrot_UPCVEG_1kg,433.5,4,6,2022,South-West Monsoon Season
Green_Chillies_LCVEG_1kg,778.5,1,7,2022,South-West Monsoon Season
Leeks_UPCVEG_1kg,324.55,1,7,2022,South-West Monsoon Season
BeetRoot_UPCVEG_1kg,404.29,1,7,2022,South-West Monsoon Season
Carrot_UPCVEG_1kg,412.73,1,7,2022,South-West Monsoon Season
Green_Chillies_LCVEG_1kg,903.16,2,7,2022,South-West Monsoon Season
Leeks_UPCVEG_1kg,392.5,2,7,2022,South-West Monsoon Season
BeetRoot_UPCVEG_1kg,415.71,2,7,2022,South-West Monsoon Season
Carrot_UPCVEG_1kg,502.5,2,7,2022,South-West Monsoon Season
Green_Chillies_LCVEG_1kg,808.5,3,7,2022,South-West Monsoon Season
Leeks_UPCVEG_1kg,364.44,3,7,2022,South-West Monsoon Season
BeetRoot_UPCVEG_1kg,405.71,3,7,2022,South-West Monsoon Season
Carrot_UPCVEG_1kg,449.47,3,7,2022,South-West Monsoon Season
Green_Chillies_LCVEG_1kg,801.9,4,7,2022,South-West Monsoon Season
Leeks_UPCVEG_1kg,331.9,4,7,2022,South-West Monsoon Season
BeetRoot_UPCVEG_1kg,386.82,4,7,2022,South-West Monsoon Season
Carrot_UPCVEG_1kg,400.0,4,7,2022,South-West Monsoon Season
Green_Chillies_LCVEG_1kg,720.0,1,8,2022,South-West Monsoon Season
Leeks_UPCVEG_1kg,325.45,1,8,2022,South-West Monsoon Season
BeetRoot_UPCVEG_1kg,301.82,1,8,2022,South-West Monsoon Season
Carrot_UPCVEG_1kg,402.61,1,8,2022,South-West Monsoon Season
Green_Chillies_LCVEG_1kg,714.0,2,8,2022,South-West Monsoon Season
Leeks_UPCVEG_1kg,317.5,2,8,2022,South-West Monsoon Season
BeetRoot_UPCVEG_1kg,317.5,2,8,2022,South-West Monsoon Season
Carrot_UPCVEG_1kg,411.3,2,8,2022,South-West Monsoon Season
Green_Chillies_LCVEG_1kg,721.9,3,8,2022,South-West Monsoon Season
Leeks_UPCVEG_1kg,359.13,3,8,2022,South-West Monsoon Season
BeetRoot_UPCVEG_1kg,302.61,3,8,2022,South-West Monsoon Season
Carrot_UPCVEG_1kg,479.13,3,8,2022,South-West Monsoon Season
Green_Chillies_LCVEG_1kg,713.91,4,8,2022,South-West Monsoon Season
Leeks_UPCVEG_1kg,335.83,4,8,2022,South-West Monsoon Season
BeetRoot_UPCVEG_1kg,276.67,4,8,2022,South-West Monsoon Season
Carrot_UPCVEG_1kg,434.17,4,8,2022,South-West Monsoon Season
Green_Chillies_LCVEG_1kg,557.0,1,9,2022,South-West Monsoon Season
Leeks_UPCVEG_1kg,324.29,1,9,2022,South-West Monsoon Season
BeetRoot_UPCVEG_1kg,308.7,1,9,2022,South-West Monsoon Season
Carrot_UPCVEG_1kg,463.64,1,9,2022,South-West Monsoon Season
Green_Chillies_LCVEG_1kg,529.6,2,9,2022,South-West Monsoon Season
Leeks_UPCVEG_1kg,380.0,2,9,2022,South-West Monsoon Season
BeetRoot_UPCVEG_1kg,322.07,2,9,2022,South-West Monsoon Season
Carrot_UPCVEG_1kg,467.41,2,9,2022,South-West Monsoon Season
Green_Chillies_LCVEG_1kg,519.13,3,9,2022,South-West Monsoon Season
Leeks_UPCVEG_1kg,375.91,3,9,2022,South-West Monsoon Season
BeetRoot_UPCVEG_1kg,340.83,3,9,2022,South-West Monsoon Season
Carrot_UPCVEG_1kg,469.17,3,9,2022,South-West Monsoon Season
Green_Chillies_LCVEG_1kg,525.0,4,9,2022,South-West Monsoon Season
Leeks_UPCVEG_1kg,354.17,4,9,2022,South-West Monsoon Season
BeetRoot_UPCVEG_1kg,364.35,4,9,2022,South-West Monsoon Season
Carrot_UPCVEG_1kg,460.87,4,9,2022,South-West Monsoon Season
Green_Chillies_LCVEG_1kg,533.64,1,10,2022,Second Inter-monsoon Season
Leeks_UPCVEG_1kg,395.83,1,10,2022,Second Inter-monsoon Season
BeetRoot_UPCVEG_1kg,388.7,1,10,2022,Second Inter-monsoon Season
Carrot_UPCVEG_1kg,494.58,1,10,2022,Second Inter-monsoon Season
Green_Chillies_LCVEG_1kg,524.27,2,10,2022,Second Inter-monsoon Season
Leeks_UPCVEG_1kg,370.92,2,10,2022,Second Inter-monsoon Season
BeetRoot_UPCVEG_1kg,415.83,2,10,2022,Second Inter-monsoon Season
Carrot_UPCVEG_1kg,453.63,2,10,2022,Second Inter-monsoon Season
Green_Chillies_LCVEG_1kg,525.0,3,10,2022,Second Inter-monsoon Season
Leeks_UPCVEG_1kg,372.5,3,10,2022,Second Inter-monsoon Season
BeetRoot_UPCVEG_1kg,385.6,3,10,2022,Second Inter-monsoon Season
Carrot_UPCVEG_1kg,433.6,3,10,2022,Second Inter-monsoon Season
Green_Chillies_LCVEG_1kg,495.83,4,10,2022,Second Inter-monsoon Season
Leeks_UPCVEG_1kg,371.2,4,10,2022,Second Inter-monsoon Season
BeetRoot_UPCVEG_1kg,375.2,4,10,2022,Second Inter-monsoon Season
Carrot_UPCVEG_1kg,456.0,4,10,2022,Second Inter-monsoon Season
Green_Chillies_LCVEG_1kg,467.08,1,11,2022,Second Inter-monsoon Season
Leeks_UPCVEG_1kg,378.52,1,11,2022,Second Inter-monsoon Season
BeetRoot_UPCVEG_1kg,382.31,1,11,2022,Second Inter-monsoon Season
Carrot_UPCVEG_1kg,460.38,1,11,2022,Second Inter-monsoon Season
Green_Chillies_LCVEG_1kg,466.52,2,11,2022,Second Inter-monsoon Season
Leeks_UPCVEG_1kg,376.0,2,11,2022,Second Inter-monsoon Season
BeetRoot_UPCVEG_1kg,400.0,2,11,2022,Second Inter-monsoon Season
Carrot_UPCVEG_1kg,465.45,2,11,2022,Second Inter-monsoon Season
Green_Chillies_LCVEG_1kg,472.86,3,11,2022,Second Inter-monsoon Season
Leeks_UPCVEG_1kg,423.18,3,11,2022,Second Inter-monsoon Season
BeetRoot_UPCVEG_1kg,425.42,3,11,2022,Second Inter-monsoon Season
Carrot_UPCVEG_1kg,530.0,3,11,2022,Second Inter-monsoon Season
Green_Chillies_LCVEG_1kg,402.17,4,11,2022,Second Inter-monsoon Season
Leeks_UPCVEG_1kg,455.0,4,11,2022,Second Inter-monsoon Season
BeetRoot_UPCVEG_1kg,419.58,4,11,2022,Second Inter-monsoon Season
Carrot_UPCVEG_1kg,507.6,4,11,2022,Second Inter-monsoon Season
Green_Chillies_LCVEG_1kg,441.36,1,12,2022,North-East Monsoon Season
Leeks_UPCVEG_1kg,488.33,1,12,2022,North-East Monsoon Season
BeetRoot_UPCVEG_1kg,499.57,1,12,2022,North-East Monsoon Season
Carrot_UPCVEG_1kg,472.0,1,12,2022,North-East Monsoon Season
Green_Chillies_LCVEG_1kg,429.23,2,12,2022,North-East Monsoon Season
Leeks_UPCVEG_1kg,492.8,2,12,2022,North-East Monsoon Season
BeetRoot_UPCVEG_1kg,466.92,2,12,2022,North-East Monsoon Season
Carrot_UPCVEG_1kg,453.52,2,12,2022,North-East Monsoon Season
Green_Chillies_LCVEG_1kg,608.18,3,12,2022,North-East Monsoon Season
Leeks_UPCVEG_1kg,486.4,3,12,2022,North-East Monsoon Season
BeetRoot_UPCVEG_1kg,504.58,3,12,2022,North-East Monsoon Season
Carrot_UPCVEG_1kg,415.56,3,12,2022,North-East Monsoon Season
Green_Chillies_LCVEG_1kg,560.0,4,12,2022,North-East Monsoon Season
Leeks_UPCVEG_1kg,506.9,4,12,2022,North-East Monsoon Season
BeetRoot_UPCVEG_1kg,522.86,4,12,2022,North-East Monsoon Season
Carrot_UPCVEG_1kg,415.19,4,12,2022,North-East Monsoon Season
Green_Chillies_LCVEG_1kg,565.0,1,1,2023,North-East Monsoon Season
Leeks_UPCVEG_1kg,466.15,1,1,2023,North-East Monsoon Season
BeetRoot_UPCVEG_1kg,573.64,1,1,2023,North-East Monsoon Season
Carrot_UPCVEG_1kg,401.36,1,1,2023,North-East Monsoon Season
Green_Chillies_LCVEG_1kg,533.1,2,1,2023,North-East Monsoon Season
Leeks_UPCVEG_1kg,415.52,2,1,2023,North-East Monsoon Season
BeetRoot_UPCVEG_1kg,517.78,2,1,2023,North-East Monsoon Season
Carrot_UPCVEG_1kg,300.0,2,1,2023,North-East Monsoon Season
Green_Chillies_LCVEG_1kg,593.93,3,1,2023,North-East Monsoon Season
Leeks_UPCVEG_1kg,414.62,3,1,2023,North-East Monsoon Season
BeetRoot_UPCVEG_1kg,532.59,3,1,2023,North-East Monsoon Season
Carrot_UPCVEG_1kg,320.71,3,1,2023,North-East Monsoon Season
Green_Chillies_LCVEG_1kg,572.69,4,1,2023,North-East Monsoon Season
Leeks_UPCVEG_1kg,374.29,4,1,2023,North-East Monsoon Season
BeetRoot_UPCVEG_1kg,417.78,4,1,2023,North-East Monsoon Season
Carrot_UPCVEG_1kg,292.41,4,1,2023,North-East Monsoon Season
Green_Chillies_LCVEG_1kg,519.31,1,2,2023,North-East Monsoon Season
Leeks_UPCVEG_1kg,325.19,1,2,2023,North-East Monsoon Season
BeetRoot_UPCVEG_1kg,340.0,1,2,2023,North-East Monsoon Season
Carrot_UPCVEG_1kg,260.0,1,2,2023,North-East Monsoon Season
Green_Chillies_LCVEG_1kg,531.43,2,2,2023,North-East Monsoon Season
Leeks_UPCVEG_1kg,357.93,2,2,2023,North-East Monsoon Season
BeetRoot_UPCVEG_1kg,309.29,2,2,2023,North-East Monsoon Season
Carrot_UPCVEG_1kg,269.23,2,2,2023,North-East Monsoon Season
Green_Chillies_LCVEG_1kg,511.79,3,2,2023,North-East Monsoon Season
Leeks_UPCVEG_1kg,344.44,3,2,2023,North-East Monsoon Season
BeetRoot_UPCVEG_1kg,299.64,3,2,2023,North-East Monsoon Season
Carrot_UPCVEG_1kg,262.69,3,2,2023,North-East Monsoon Season
Green_Chillies_LCVEG_1kg,565.77,4,2,2023,North-East Monsoon Season
Leeks_UPCVEG_1kg,334.48,4,2,2023,North-East Monsoon Season
BeetRoot_UPCVEG_1kg,314.14,4,2,2023,North-East Monsoon Season
Carrot_UPCVEG_1kg,254.83,4,2,2023,North-East Monsoon Season
Green_Chillies_LCVEG_1kg,600.36,1,3,2023,First Inter-monsoon Season
Leeks_UPCVEG_1kg,326.77,1,3,2023,First Inter-monsoon Season
BeetRoot_UPCVEG_1kg,313.38,1,3,2023,First Inter-monsoon Season
Carrot_UPCVEG_1kg,243.57,1,3,2023,First Inter-monsoon Season
Green_Chillies_LCVEG_1kg,571.48,2,3,2023,First Inter-monsoon Season
Leeks_UPCVEG_1kg,297.14,2,3,2023,First Inter-monsoon Season
BeetRoot_UPCVEG_1kg,292.22,2,3,2023,First Inter-monsoon Season
Carrot_UPCVEG_1kg,223.08,2,3,2023,First Inter-monsoon Season
Green_Chillies_LCVEG_1kg,540.34,3,3,2023,First Inter-monsoon Season
Leeks_UPCVEG_1kg,295.17,3,3,2023,First Inter-monsoon Season
BeetRoot_UPCVEG_1kg,259.31,3,3,2023,First Inter-monsoon Season
Carrot_UPCVEG_1kg,214.93,3,3,2023,First Inter-monsoon Season
Green_Chillies_LCVEG_1kg,525.0,4,3,2023,First Inter-monsoon Season
Leeks_UPCVEG_1kg,320.0,4,3,2023,First Inter-monsoon Season
BeetRoot_UPCVEG_1kg,252.14,4,3,2023,First Inter-monsoon Season
Carrot_UPCVEG_1kg,213.57,4,3,2023,First Inter-monsoon Season
Green_Chillies_LCVEG_1kg,527.5,1,4,2023,First Inter-monsoon Season
Leeks_UPCVEG_1kg,309.63,1,4,2023,First Inter-monsoon Season
BeetRoot_UPCVEG_1kg,243.08,1,4,2023,First Inter-monsoon Season
Carrot_UPCVEG_1kg,223.19,1,4,2023,First Inter-monsoon Season
Green_Chillies_LCVEG_1kg,,2,4,2023,First Inter-monsoon Season
Leeks_UPCVEG_1kg,,2,4,2023,First Inter-monsoon Season
BeetRoot_UPCVEG_1kg,,2,4,2023,First Inter-monsoon Season
Carrot_UPCVEG_1kg,,2,4,2023,First Inter-monsoon Season
Green_Chillies_LCVEG_1kg,640.0,3,4,2023,First Inter-monsoon Season
Leeks_UPCVEG_1kg,359.5,3,4,2023,First Inter-monsoon Season
BeetRoot_UPCVEG_1kg,334.44,3,4,2023,First Inter-monsoon Season
Carrot_UPCVEG_1kg,288.1,3,4,2023,First Inter-monsoon Season
Green_Chillies_LCVEG_1kg,540.77,4,4,2023,First Inter-monsoon Season
Leeks_UPCVEG_1kg,346.96,4,4,2023,First Inter-monsoon Season
BeetRoot_UPCVEG_1kg,342.61,4,4,2023,First Inter-monsoon Season
Carrot_UPCVEG_1kg,257.5,4,4,2023,First Inter-monsoon Season
Green_Chillies_LCVEG_1kg,517.27,1,5,2023,South-West Monsoon Season
Leeks_UPCVEG_1kg,346.79,1,5,2023,South-West Monsoon Season
BeetRoot_UPCVEG_1kg,338.62,1,5,2023,South-West Monsoon Season
Carrot_UPCVEG_1kg,259.31,1,5,2023,South-West Monsoon Season
Green_Chillies_LCVEG_1kg,506.67,2,5,2023,South-West Monsoon Season
Leeks_UPCVEG_1kg,350.0,2,5,2023,South-West Monsoon Season
BeetRoot_UPCVEG_1kg,391.3,2,5,2023,South-West Monsoon Season
Carrot_UPCVEG_1kg,269.29,2,5,2023,South-West Monsoon Season
Green_Chillies_LCVEG_1kg,517.86,3,5,2023,South-West Monsoon Season
Leeks_UPCVEG_1kg,440.0,3,5,2023,South-West Monsoon Season
BeetRoot_UPCVEG_1kg,486.0,3,5,2023,South-West Monsoon Season
Carrot_UPCVEG_1kg,366.67,3,5,2023,South-West Monsoon Season
Green_Chillies_LCVEG_1kg,524.07,4,5,2023,South-West Monsoon Season
Leeks_UPCVEG_1kg,451.43,4,5,2023,South-West Monsoon Season
BeetRoot_UPCVEG_1kg,504.0,4,5,2023,South-West Monsoon Season
Carrot_UPCVEG_1kg,404.14,4,5,2023,South-West Monsoon Season
Green_Chillies_LCVEG_1kg,632.8,1,6,2023,South-West Monsoon Season
Leeks_UPCVEG_1kg,455.56,1,6,2023,South-West Monsoon Season
BeetRoot_UPCVEG_1kg,571.08,1,6,2023,South-West Monsoon Season
Carrot_UPCVEG_1kg,450.29,1,6,2023,South-West Monsoon Season
Green_Chillies_LCVEG_1kg,678.57,2,6,2023,South-West Monsoon Season
Leeks_UPCVEG_1kg,415.56,2,6,2023,South-West Monsoon Season
BeetRoot_UPCVEG_1kg,550.87,2,6,2023,South-West Monsoon Season
Carrot_UPCVEG_1kg,444.48,2,6,2023,South-West Monsoon Season
Green_Chillies_LCVEG_1kg,954.4,3,6,2023,South-West Monsoon Season
Leeks_UPCVEG_1kg,395.77,3,6,2023,South-West Monsoon Season
BeetRoot_UPCVEG_1kg,521.6,3,6,2023,South-West Monsoon Season
Carrot_UPCVEG_1kg,458.15,3,6,2023,South-West Monsoon Season
Green_Chillies_LCVEG_1kg,1053.7,4,6,2023,South-West Monsoon Season
Leeks_UPCVEG_1kg,384.64,4,6,2023,South-West Monsoon Season
BeetRoot_UPCVEG_1kg,507.04,4,6,2023,South-West Monsoon Season
Carrot_UPCVEG_1kg,527.5,4,6,2023,South-West Monsoon Season
Green_Chillies_LCVEG_1kg,1081.79,1,7,2023,South-West Monsoon Season
Leeks_UPCVEG_1kg,365.52,1,7,2023,South-West Monsoon Season
BeetRoot_UPCVEG_1kg,517.26,1,7,2023,South-West Monsoon Season
Carrot_UPCVEG_1kg,525.59,1,7,2023,South-West Monsoon Season
Green_Chillies_LCVEG_1kg,1031.79,2,7,2023,South-West Monsoon Season
Leeks_UPCVEG_1kg,360.77,2,7,2023,South-West Monsoon Season
BeetRoot_UPCVEG_1kg,482.59,2,7,2023,South-West Monsoon Season
Carrot_UPCVEG_1kg,491.11,2,7,2023,South-West Monsoon Season
Green_Chillies_LCVEG_1kg,881.48,3,7,2023,South-West Monsoon Season
Leeks_UPCVEG_1kg,338.0,3,7,2023,South-West Monsoon Season
BeetRoot_UPCVEG_1kg,429.23,3,7,2023,South-West Monsoon Season
Carrot_UPCVEG_1kg,511.54,3,7,2023,South-West Monsoon Season
Green_Chillies_LCVEG_1kg,773.33,4,7,2023,South-West Monsoon Season
Leeks_UPCVEG_1kg,320.34,4,7,2023,South-West Monsoon Season
BeetRoot_UPCVEG_1kg,411.85,4,7,2023,South-West Monsoon Season
Carrot_UPCVEG_1kg,552.5,4,7,2023,South-West Monsoon Season
Green_Chillies_LCVEG_1kg,739.29,1,8,2023,South-West Monsoon Season
Leeks_UPCVEG_1kg,309.64,1,8,2023,South-West Monsoon Season
BeetRoot_UPCVEG_1kg,322.33,1,8,2023,South-West Monsoon Season
Carrot_UPCVEG_1kg,541.67,1,8,2023,South-West Monsoon Season
Green_Chillies_LCVEG_1kg,660.34,2,8,2023,South-West Monsoon Season
Leeks_UPCVEG_1kg,291.72,2,8,2023,South-West Monsoon Season
BeetRoot_UPCVEG_1kg,292.33,2,8,2023,South-West Monsoon Season
Carrot_UPCVEG_1kg,533.45,2,8,2023,South-West Monsoon Season
Green_Chillies_LCVEG_1kg,703.7,3,8,2023,South-West Monsoon Season
Leeks_UPCVEG_1kg,283.79,3,8,2023,South-West Monsoon Season
BeetRoot_UPCVEG_1kg,280.71,3,8,2023,South-West Monsoon Season
Carrot_UPCVEG_1kg,519.26,3,8,2023,South-West Monsoon Season
Green_Chillies_LCVEG_1kg,691.38,4,8,2023,South-West Monsoon Season
Leeks_UPCVEG_1kg,280.0,4,8,2023,South-West Monsoon Season
BeetRoot_UPCVEG_1kg,250.36,4,8,2023,South-West Monsoon Season
Carrot_UPCVEG_1kg,482.5,4,8,2023,South-West Monsoon Season
Green_Chillies_LCVEG_1kg,790.0,1,9,2023,South-West Monsoon Season
Leeks_UPCVEG_1kg,257.14,1,9,2023,South-West Monsoon Season
BeetRoot_UPCVEG_1kg,260.0,1,9,2023,South-West Monsoon Season
Carrot_UPCVEG_1kg,388.0,1,9,2023,South-West Monsoon Season
Green_Chillies_LCVEG_1kg,780.0,2,9,2023,South-West Monsoon Season
Leeks_UPCVEG_1kg,237.41,2,9,2023,South-West Monsoon Season
BeetRoot_UPCVEG_1kg,273.08,2,9,2023,South-West Monsoon Season
Carrot_UPCVEG_1kg,340.0,2,9,2023,South-West Monsoon Season
Green_Chillies_LCVEG_1kg,773.57,3,9,2023,South-West Monsoon Season
Leeks_UPCVEG_1kg,242.76,3,9,2023,South-West Monsoon Season
BeetRoot_UPCVEG_1kg,285.52,3,9,2023,South-West Monsoon Season
Carrot_UPCVEG_1kg,315.93,3,9,2023,South-West Monsoon Season
Green_Chillies_LCVEG_1kg,757.24,4,9,2023,South-West Monsoon Season
Leeks_UPCVEG_1kg,195.0,4,9,2023,South-West Monsoon Season
BeetRoot_UPCVEG_1kg,246.67,4,9,2023,South-West Monsoon Season
Carrot_UPCVEG_1kg,264.29,4,9,2023,South-West Monsoon Season
Green_Chillies_LCVEG_1kg,738.4,1,10,2023,Second Inter-monsoon Season
Leeks_UPCVEG_1kg,213.7,1,10,2023,Second Inter-monsoon Season
BeetRoot_UPCVEG_1kg,266.3,1,10,2023,Second Inter-monsoon Season
Carrot_UPCVEG_1kg,322.31,1,10,2023,Second Inter-monsoon Season
Green_Chillies_LCVEG_1kg,685.86,2,10,2023,Second Inter-monsoon Season
Leeks_UPCVEG_1kg,238.57,2,10,2023,Second Inter-monsoon Season
BeetRoot_UPCVEG_1kg,262.0,2,10,2023,Second Inter-monsoon Season
Carrot_UPCVEG_1kg,315.0,2,10,2023,Second Inter-monsoon Season
Green_Chillies_LCVEG_1kg,662.59,3,10,2023,Second Inter-monsoon Season
Leeks_UPCVEG_1kg,224.64,3,10,2023,Second Inter-monsoon Season
BeetRoot_UPCVEG_1kg,257.14,3,10,2023,Second Inter-monsoon Season
Carrot_UPCVEG_1kg,301.79,3,10,2023,Second Inter-monsoon Season
Green_Chillies_LCVEG_1kg,653.08,4,10,2023,Second Inter-monsoon Season
Leeks_UPCVEG_1kg,227.14,4,10,2023,Second Inter-monsoon Season
BeetRoot_UPCVEG_1kg,260.74,4,10,2023,Second Inter-monsoon Season
Carrot_UPCVEG_1kg,323.45,4,10,2023,Second Inter-monsoon Season
Green_Chillies_LCVEG_1kg,715.36,1,11,2023,Second Inter-monsoon Season
Leeks_UPCVEG_1kg,276.3,1,11,2023,Second Inter-monsoon Season
BeetRoot_UPCVEG_1kg,300.36,1,11,2023,Second Inter-monsoon Season
Carrot_UPCVEG_1kg,386.07,1,11,2023,Second Inter-monsoon Season
Green_Chillies_LCVEG_1kg,774.23,2,11,2023,Second Inter-monsoon Season
Leeks_UPCVEG_1kg,345.19,2,11,2023,Second Inter-monsoon Season
BeetRoot_UPCVEG_1kg,360.15,2,11,2023,Second Inter-monsoon Season
Carrot_UPCVEG_1kg,479.63,2,11,2023,Second Inter-monsoon Season
Green_Chillies_LCVEG_1kg,862.14,3,11,2023,Second Inter-monsoon Season
Leeks_UPCVEG_1kg,320.0,3,11,2023,Second Inter-monsoon Season
BeetRoot_UPCVEG_1kg,416.92,3,11,2023,Second Inter-monsoon Season
Carrot_UPCVEG_1kg,410.74,3,11,2023,Second Inter-monsoon Season
Green_Chillies_LCVEG_1kg,1047.41,4,11,2023,Second Inter-monsoon Season
Leeks_UPCVEG_1kg,391.23,4,11,2023,Second Inter-monsoon Season
BeetRoot_UPCVEG_1kg,525.0,4,11,2023,Second Inter-monsoon Season
Carrot_UPCVEG_1kg,484.44,4,11,2023,Second Inter-monsoon Season
Green_Chillies_LCVEG_1kg,1300.0,1,12,2023,North-East Monsoon Season
Leeks_UPCVEG_1kg,409.71,1,12,2023,North-East Monsoon Season
BeetRoot_UPCVEG_1kg,603.6,1,12,2023,North-East Monsoon Season
Carrot_UPCVEG_1kg,458.52,1,12,2023,North-East Monsoon Season
Green_Chillies_LCVEG_1kg,1496.43,2,12,2023,North-East Monsoon Season
Leeks_UPCVEG_1kg,440.33,2,12,2023,North-East Monsoon Season
BeetRoot_UPCVEG_1kg,688.0,2,12,2023,North-East Monsoon Season
Carrot_UPCVEG_1kg,486.0,2,12,2023,North-East Monsoon Season
Green_Chillies_LCVEG_1kg,1530.36,3,12,2023,North-East Monsoon Season
Leeks_UPCVEG_1kg,424.83,3,12,2023,North-East Monsoon Season
BeetRoot_UPCVEG_1kg,651.38,3,12,2023,North-East Monsoon Season
Carrot_UPCVEG_1kg,524.33,3,12,2023,North-East Monsoon Season
Green_Chillies_LCVEG_1kg,2057.5,4,12,2023,North-East Monsoon Season
Leeks_UPCVEG_1kg,527.14,4,12,2023,North-East Monsoon Season
BeetRoot_UPCVEG_1kg,751.74,4,12,2023,North-East Monsoon Season
Carrot_UPCVEG_1kg,687.41,4,12,2023,North-East Monsoon Season
Green_Chillies_LCVEG_1kg,1738.0,1,1,2024,North-East Monsoon Season
Leeks_UPCVEG_1kg,564.17,1,1,2024,North-East Monsoon Season
BeetRoot_UPCVEG_1kg,890.71,1,1,2024,North-East Monsoon Season
Carrot_UPCVEG_1kg,775.08,1,1,2024,North-East Monsoon Season
Green_Chillies_LCVEG_1kg,1485.71,2,1,2024,North-East Monsoon Season
Leeks_UPCVEG_1kg,500.0,2,1,2024,North-East Monsoon Season
BeetRoot_UPCVEG_1kg,844.5,2,1,2024,North-East Monsoon Season
Carrot_UPCVEG_1kg,956.07,2,1,2024,North-East Monsoon Season
Green_Chillies_LCVEG_1kg,1404.17,3,1,2024,North-East Monsoon Season
Leeks_UPCVEG_1kg,704.8,3,1,2024,North-East Monsoon Season
BeetRoot_UPCVEG_1kg,959.0,3,1,2024,North-East Monsoon Season
Carrot_UPCVEG_1kg,2078.26,3,1,2024,North-East Monsoon Season
Green_Chillies_LCVEG_1kg,1325.0,4,1,2024,North-East Monsoon Season
Leeks_UPCVEG_1kg,654.81,4,1,2024,North-East Monsoon Season
BeetRoot_UPCVEG_1kg,863.08,4,1,2024,North-East Monsoon Season
Carrot_UPCVEG_1kg,1333.85,4,1,2024,North-East Monsoon Season
Green_Chillies_LCVEG_1kg,1455.6,1,2,2024,North-East Monsoon Season
Leeks_UPCVEG_1kg,637.69,1,2,2024,North-East Monsoon Season
BeetRoot_UPCVEG_1kg,677.6,1,2,2024,North-East Monsoon Season
Carrot_UPCVEG_1kg,1175.86,1,2,2024,North-East Monsoon Season
Green_Chillies_LCVEG_1kg,1300.0,2,2,2024,North-East Monsoon Season
Leeks_UPCVEG_1kg,552.89,2,2,2024,North-East Monsoon Season
BeetRoot_UPCVEG_1kg,564.81,2,2,2024,North-East Monsoon Season
Carrot_UPCVEG_1kg,916.54,2,2,2024,North-East Monsoon Season
Green_Chillies_LCVEG_1kg,1006.43,3,2,2024,North-East Monsoon Season
Leeks_UPCVEG_1kg,476.21,3,2,2024,North-East Monsoon Season
BeetRoot_UPCVEG_1kg,532.07,3,2,2024,North-East Monsoon Season
Carrot_UPCVEG_1kg,600.69,3,2,2024,North-East Monsoon Season
Green_Chillies_LCVEG_1kg,905.0,4,2,2024,North-East Monsoon Season
Leeks_UPCVEG_1kg,439.64,4,2,2024,North-East Monsoon Season
BeetRoot_UPCVEG_1kg,523.57,4,2,2024,North-East Monsoon Season
Carrot_UPCVEG_1kg,584.83,4,2,2024,North-East Monsoon Season
Green_Chillies_LCVEG_1kg,647.41,1,3,2024,First Inter-monsoon Season
Leeks_UPCVEG_1kg,399.29,1,3,2024,First Inter-monsoon Season
BeetRoot_UPCVEG_1kg,465.71,1,3,2024,First Inter-monsoon Season
Carrot_UPCVEG_1kg,496.79,1,3,2024,First Inter-monsoon Season
Green_Chillies_LCVEG_1kg,629.63,2,3,2024,First Inter-monsoon Season
Leeks_UPCVEG_1kg,386.15,2,3,2024,First Inter-monsoon Season
BeetRoot_UPCVEG_1kg,437.5,2,3,2024,First Inter-monsoon Season
Carrot_UPCVEG_1kg,558.21,2,3,2024,First Inter-monsoon Season
Green_Chillies_LCVEG_1kg,500.71,3,3,2024,First Inter-monsoon Season
Leeks_UPCVEG_1kg,364.0,3,3,2024,First Inter-monsoon Season
BeetRoot_UPCVEG_1kg,399.31,3,3,2024,First Inter-monsoon Season
Carrot_UPCVEG_1kg,432.14,3,3,2024,First Inter-monsoon Season
Green_Chillies_LCVEG_1kg,507.59,4,3,2024,First Inter-monsoon Season
Leeks_UPCVEG_1kg,341.33,4,3,2024,First Inter-monsoon Season
BeetRoot_UPCVEG_1kg,336.0,4,3,2024,First Inter-monsoon Season
Carrot_UPCVEG_1kg,435.33,4,3,2024,First Inter-monsoon Season
Green_Chillies_LCVEG_1kg,458.33,1,4,2024,First Inter-monsoon Season
Leeks_UPCVEG_1kg,316.55,1,4,2024,First Inter-monsoon Season
BeetRoot_UPCVEG_1kg,348.0,1,4,2024,First Inter-monsoon Season
Carrot_UPCVEG_1kg,420.97,1,4,2024,First Inter-monsoon Season
Green_Chillies_LCVEG_1kg,428.0,2,4,2024,First Inter-monsoon Season
Leeks_UPCVEG_1kg,301.38,2,4,2024,First Inter-monsoon Season
BeetRoot_UPCVEG_1kg,334.48,2,4,2024,First Inter-monsoon Season
Carrot_UPCVEG_1kg,390.67,2,4,2024,First Inter-monsoon Season
Green_Chillies_LCVEG_1kg,450.48,3,4,2024,First Inter-monsoon Season
Leeks_UPCVEG_1kg,351.6,3,4,2024,First Inter-monsoon Season
BeetRoot_UPCVEG_1kg,404.17,3,4,2024,First Inter-monsoon Season
Carrot_UPCVEG_1kg,422.31,3,4,2024,First Inter-monsoon Season
Green_Chillies_LCVEG_1kg,356.43,4,4,2024,First Inter-monsoon Season
Leeks_UPCVEG_1kg,322.22,4,4,2024,First Inter-monsoon Season
BeetRoot_UPCVEG_1kg,360.69,4,4,2024,First Inter-monsoon Season
Carrot_UPCVEG_1kg,352.67,4,4,2024,First Inter-monsoon Season
